키워드,순위,업체명,리뷰번호,리뷰내용,크롤링시간
천동치과,1,편한치과의원,1,"남편은 임플란트 시술진행형그구요 저는 치석제거및 검진
아들은 오늘치석제거받았는데요 시설넓고 오늘은 예약없이도 많이 기다리지않아서 좋았습니다",2026-03-31 11:36:24
천동치과,1,편한치과의원,2,"남편 추천으로 와봤는데 직원분들 항상 친절하시고
의사선생님들도 아퍼서 겁먹은 저에게 편안하게
또 최대한 안아프게 치료해주셔서 정말 좋았어요.

1층에 접수 수납처 진료실 있고 커피마실수있는공간도 있어서 기다리면서 따뜻한 차한잔 할수있고
2층 3층 진료실까지 넓고 체계적이예요..

스케일링. 잇몸치료. 충치치료까지 안아프게 잘받았어요.
충치치료도 보험되는 아말감과 보험적용안되는 레진
충분히 설명해주시고 선택할수있게 해주셔서
보험되는 걸로 했는데 생각보다 부담안되고 치아색과 같아서 더 만족했습니다..

평소 치아관리를 소홀히하기도했고 치과는 무섭다는 생각에 미루고있었는데 편한치과 너무 잘온것같아요..

치과치료 이동봉사도 하시는지 주차장에 큰차도 있더라구요...좋은일까지 하는 착한 효동 편한치과 강추입니다.",2026-03-31 11:36:24
천동치과,1,편한치과의원,3,예약시간보다 조금 늦게 도착했지만 30분이내에 진료를 받을수 꼼꼼하게 진료를 잘해주는거 같아요,2026-03-31 11:36:24
천동치과,1,편한치과의원,4,"과잉진료 없고 친절한 치과입니다!
이가 아파서 충치인줄 알고 갔는데 세심하게 진료봐주시고 필요한 치료만 할 수 있도록 안내해주십니다!
스케일링 안아프게 진행해주시고 설명도 너무 친절하게해주셔서 치과는 여기로 계속 다닐거 같아요",2026-03-31 11:36:24
천동치과,1,편한치과의원,5,처음 진료받고 처음 스케일링 받았는데 설명도 친절하고 아프지않게 잘 해주셨습니다. 스케일링 해주시는분이 힘드셨을거 같아요. 고생하셨습니다!,2026-03-31 11:36:24
천동치과,1,편한치과의원,6,"편한치과의원
3.16.월
안녕하세요, 편한치과의원입니다^^
저희 치과 진료에 만족하셨다니 정말 다행입니다. 앞으로도 좋은 진료 경험을 드리는 편한치과가 되도록 최선을 다하겠습니다.
소중한 리뷰 정말 감사합니다 :) 좋은 하루 보내세요!",2026-03-31 11:36:24
천동치과,1,편한치과의원,7,정기검진 오는데 항상 친절하고 과잉진료없어서 넘 좋아요,2026-03-31 11:36:24
천동치과,1,편한치과의원,8,"과잉진료 없어서 너무 좋아요
원장님 설명잘해주시고 친절하세요~",2026-03-31 11:36:24
천동치과,1,편한치과의원,9,"건강검진과 스켈링 하러 갔어요~~

점점 리모델링을 해서 넓어지고 있네요

친절하게 잘 해주셔서 잘하고 왔습니다~~",2026-03-31 11:36:24
천동치과,1,편한치과의원,10,잇몸 치료 받고 왔습니다. 치주염이 있어 1년에 두어번 하고있어요. 치주전문 여자원장님이 해주시는데 실력있으시네요. 제 손녀가 교정받고 있는데 2년이 지난 지금 치열이 완전 다른 사람이 되었어요. 고맙습니다.,2026-03-31 11:36:24
천동치과,1,편한치과의원,11,친절하고 좋아요,2026-03-31 11:36:24
천동치과,1,편한치과의원,12,"선생님모두친전하시고
설명도상세하게해주세요
치료비도저렴해요",2026-03-31 11:36:24
천동치과,1,편한치과의원,13,친절하시고좋아여,2026-03-31 11:36:24
천동치과,1,편한치과의원,14,어릴때부터 이용하는 곳이에요!! 직원분들 친절하고 진료도 잘해줘서 좋습니다~!!,2026-03-31 11:36:24
천동치과,1,편한치과의원,15,"반응 남기기
방문일
2.13.금
2026년 2월 13일 금요일
9번째 방문
인증 수단
영수증",2026-03-31 11:36:24
천동치과,1,편한치과의원,16,"친절하고 고객 응대가 좋아요, 진료도 최고입니다.",2026-03-31 11:36:24
천동치과,1,편한치과의원,17,"편한치과의원
3.3.화
안녕하세요, 편한치과의원입니다^^
저희 치과에 만족하셨다니 정말 다행입니다. 앞으로도 신뢰할 수 있는 편한치과가 되도록 최선을 다하겠습니다.
소중한 리뷰 정말 감사합니다 :) 좋은 하루 보내세요!",2026-03-31 11:36:24
천동치과,1,편한치과의원,18,"반응 남기기
방문일
2.7.토
2026년 2월 7일 토요일
8번째 방문
인증 수단
영수증",2026-03-31 11:36:24
천동치과,1,편한치과의원,19,"반응 남기기
방문일
2.5.목
2026년 2월 5일 목요일
7번째 방문
인증 수단
영수증",2026-03-31 11:36:24
천동치과,1,편한치과의원,20,친절하고 좋아요 추천합니다:),2026-03-31 11:36:24
천동치과,1,편한치과의원,21,"넓고 쌤들 친절하시네요
지인추천으로 이용하고있습니다",2026-03-31 11:36:24
천동치과,1,편한치과의원,22,지인 추천으로 방문해서 치료하고있는데 넓어서좋고 선생님들 친절하고 좋아용 추천,2026-03-31 11:36:24
천동치과,1,편한치과의원,23,친절하시고 사랑니 발치했는데 안아프고 바로뺏습니다. 건물전체가 치과건물이라 넓고 깔끔해요 추천합니다 안아파요 정말 잇몸치료도 안아파요!,2026-03-31 11:36:24
천동치과,1,편한치과의원,24,시설도 깨끗하고 간호사분들하고 직원분들 항상 친절해요. 이용할때마다 기분좋아져요^^,2026-03-31 11:36:24
천동치과,1,편한치과의원,25,"반응 남기기
방문일
1.30.금
2026년 1월 30일 금요일
6번째 방문
인증 수단
영수증",2026-03-31 11:36:24
천동치과,1,편한치과의원,26,최신시설 갖추고 친절함까지~~,2026-03-31 11:36:24
천동치과,1,편한치과의원,27,항상 치과는 여기로만 다녀요 ^^ 감사드려요,2026-03-31 11:36:24
천동치과,1,편한치과의원,28,친절하고 좋아요. 아기가 너무 어려서 걱정했지만 다들 편하게 대해줘서 너무 감사하네요.,2026-03-31 11:36:24
천동치과,1,편한치과의원,29,우리아이 이빨뽑으로왔는데.. 예약없이 와서 많이기다리나했는데 바로 할수잇어서 정말 좋았습니다 무엇보다 선생님이 친절하게 안아프게 잘뽑아주셨어요😅🤣😂 안울고 잘하고왓답니다😀😃,2026-03-31 11:36:24
천동치과,1,편한치과의원,30,10년째 이용중입니다 여기만가요ㅐ,2026-03-31 11:36:24
천동치과,1,편한치과의원,31,사람은 많지만 늘 친절하세요,2026-03-31 11:36:24
천동치과,1,편한치과의원,32,"우선 너무 친절하세요!!!
의사선생님도 다른 모든 분들도 그러시고 진료도 꼼꼼히 봐주셔서 항상 이곳만 다니고 있습니다ㅎㅎ",2026-03-31 11:36:24
천동치과,1,편한치과의원,33,"치아가 깨져서 급하게 진료보러왔는데 치료할 치아말고도 전체적으로 검진해주셔서 잇몸치료도 같이하고 좋았어여
직원들고 친절하고 설명을 잘해주시네요~",2026-03-31 11:36:24
천동치과,1,편한치과의원,34,"반응 남기기
방문일
1.28.수
2026년 1월 28일 수요일
5번째 방문
인증 수단
영수증",2026-03-31 11:36:24
천동치과,1,편한치과의원,35,친절하고 시설이 깨끗해요~,2026-03-31 11:36:24
천동치과,1,편한치과의원,36,"꼼꼼하게 치료 잘받고갑니다!
다들 친절해서 편하게 진료받았어요",2026-03-31 11:36:24
천동치과,1,편한치과의원,37,2년동안 교정해왔는데 의원분들이 친절하시고 안 아프게 진료하셔서 2년동안 아프지 않고 좋았습니다. 그리고 그 만큼 결과도 좋게 나왔습니다.,2026-03-31 11:36:24
천동치과,1,편한치과의원,38,선생님들이 친절합니다😃,2026-03-31 11:36:24
천동치과,1,편한치과의원,39,"편한치과의원
2.10.화
안녕하세요, 편한치과의원입니다^^
저희 치과에 만족하셨다니 정말 다행입니다. 앞으로도 신뢰할 수 있는 편한치과가 되도록 최선을 다하겠습니다.
소중한 리뷰 정말 감사합니다 :) 좋은 하루 보내세요!",2026-03-31 11:36:24
천동치과,1,편한치과의원,40,회사 근처라 예약하고 바로 왔는데 원장선생님 친절한 설명과 치위생사분께서 칫솔질 하는법 친절히 알려주셔서 감사했습니다 자주올게요!,2026-03-31 11:36:24
천동치과,1,편한치과의원,41,"아이들 어렸을때부터 오고있고 교정도 하고있어요
친절하고 잘 해주셔서 계속 오게 되네요~~",2026-03-31 11:36:24
천동치과,1,편한치과의원,42,"너무 친절하시고 자세한 설명 덕분에 치료할 때
불안하지 않아요",2026-03-31 11:36:24
천동치과,1,편한치과의원,43,교정때문에 다니고 있어요 선생님들 다 너무 좋으세요,2026-03-31 11:36:24
천동치과,1,편한치과의원,44,교정하고 있는데 원장님도 친절하시고 간호사님도 너무너무 좋아요,2026-03-31 11:36:24
천동치과,1,편한치과의원,45,"의사분들도 열정적이시고 직원분들도 친절하십니다.
무엇보다 마음에 드는건 체계가 잘 잡혀있어서 수납부터 진료, 접수까지 빠르게 처리됩니다.",2026-03-31 11:36:24
천동치과,1,편한치과의원,46,잘하시는것같아요,2026-03-31 11:36:24
천동치과,1,편한치과의원,47,간호사분들이 친절합니다,2026-03-31 11:36:24
천동치과,1,편한치과의원,48,"토요일 오전 8시30분에 예약했는데도 30분이상 걸렸음. 의사선생님 진료 후 충치가 없다하여 특별한 치료는 하지않아 만족도는 모르겠고 접수해주시는 분들과 치료 3층에 계신 여자선생님들 모두 친절했는데 의사선생님 보조로 옆에 계셨던 분 이 너무 어이없어서 리뷰쓰네요. 10살 3살 아들 신랑한테 맡기고 혼자갔는데 말끝마다 어머니 어머님 ㅋㅋㅋ 내가 애를. 데리고 갔음 이해를 하는데 어머님의 기준이 몇살이야 나 44살인데 만나이는 42살 ㅋㅋ황당했네 ㅋㅋ그건 좀 무례하고 무식한거임 .그냥 손님 아니면 고객님이라고 하세요
내가왜 당신 어머님 이야 미치겠네. 몇년전에 기사에 70대 할아버지한테 아버님 이라 해서 기사난거 봤는데 규모도 큰 치과에서 명칭 좀 제대로 쓰세요",2026-03-31 11:36:24
천동치과,1,편한치과의원,49,"교정진료 받고 있습니다!
모두 친절하시고 진료봐주실 때도 항상 꼼꼼하게 봐주십니다☺️
항상 감사합니다 : )",2026-03-31 11:36:24
천동치과,1,편한치과의원,50,아이가 치아교정 받고 있는데 선생님들 너무 친절하셔서 편하게 잘받고 있어요.,2026-03-31 11:36:24
천동치과,1,편한치과의원,51,항상 믿고 편안하게 교정진료 잘받고있어요~ 예약도 늘 친절히 잡아주셔서 좋아요^^,2026-03-31 11:36:24
천동치과,1,편한치과의원,52,고등학생때 교정으로 시작해서 지금까지 내원하고 있는데 다들 친절하시고 시설이 깨끗하고 최신화 되있어서 좋아요,2026-03-31 11:36:24
천동치과,1,편한치과의원,53,"친절하시고 무엇보다 치과치료 잘 받고 있습니다!!
강추합니다⭐️⭐️⭐️⭐️⭐️⭐️⭐️⭐️⭐️",2026-03-31 11:36:24
천동치과,1,편한치과의원,54,너무 친절하시고 잘해주셔서 단골이예요!! 교정은 여기가 최고~~,2026-03-31 11:36:24
천동치과,1,편한치과의원,55,어렸을 때부터 믿고 다니던 치과입니다~~ 추천!,2026-03-31 11:36:24
천동치과,1,편한치과의원,56,"삼겹살오돌뼈 먹다가 왼쪽위어금니가 부러서 크라운하게 되었는데 전체적으로 문제있는 3개의 이도 크라운하게 됐는데 매번 올때마다 친절하고 꼼꼼하게 치료를 정성것 해 주셔서 아주 만족 스럽게 치료끝냈어요^^
의사쌤과 간호사쌤 감사합니다",2026-03-31 11:36:24
천동치과,1,편한치과의원,57,"스케링, 잇몸치료 잘 해주세요.",2026-03-31 11:36:24
천동치과,1,편한치과의원,58,의술두 좋고 친절해용,2026-03-31 11:36:24
천동치과,1,편한치과의원,59,"접수데스크 간호사분 의사분들 모두 친절하세요👍🏻
과잉진료도없이 필요한곳만 꼼꼼히 치료 잘해주세요
이사와서 치과 어디갈까 고민많이했었는데
굿초이스~~~~~~🍀
치과공포증있는데 편안하게 늘 치료받아요!>.<",2026-03-31 11:36:24
천동치과,1,편한치과의원,60,친절하시구좋아여,2026-03-31 11:36:24
천동치과,1,편한치과의원,61,"편한치과의원
1.9.금
안녕하세요. 편한치과의원입니다.
소중한 리뷰 작성해주셔서 정말 감사합니다.
앞으로도 좋은 경험을 드리는 치과가 되도록 노력하겠습니다. 좋은 하루 보내세요^^",2026-03-31 11:36:24
천동치과,1,편한치과의원,62,전문의가 10명이 넘는 것에 놀랐습니다. 종합병원처럼 전문적인 진료분야가 있고 기본적인 질환은 모든 선생님ㄹ이 하십니다. 접수처도 취위생사 분들도 아주 친절하십니디. 예약하고 오면 거의 기다리지 않습니다.,2026-03-31 11:36:24
천동치과,1,편한치과의원,63,"평소에 치과 너무 무서워서 .. 미루고 미루다 집앞에 매일 지나갈때마다 사람이 많길래 궁금해서 리뷰를 봤더니 진짜 잘하고 친절하시다고 유명하더라고요 !!
그래서 네이버 예약후 바로 갔는데 .. wow
그냥 빨리 올껄 그랫어요 ㅠㅠ 선생님들 전부 다 친절하시고 ㅠㅠ 설명도 자세히 해주시고 ㅠㅠ 그냥 최고에요.. 그리고 아프지도 않고 그냥 ㅠㅠ 완벽하십니다
너무 친절하게 마음이 움직이게 해주셔서 진료 받고 나오는데 기분이 너무 좋네요 !! 앞으로는 이 치과에 다닐꺼에요ㅠ 그리고 꼭 예약하세여 !! 사람 진짜 많아요 ..ㅎㅎ",2026-03-31 11:36:24
천동치과,1,편한치과의원,64,주차장이용이불편하지만.친절하고.좋은진료였습니다.,2026-03-31 11:36:24
천동치과,1,편한치과의원,65,네이버로 예약 하고 가서 오분쯤 대기후 바로 진료 받았습니다. 치과공포증 너무 심해서 미루고 미루다가 결국에 가게됬는데 상담해주시는 원장님도 너무 친절 하시고 간호사 선생님들도 계속 안심시켜주셔서 생각보다 더 편하게 진료보고 왔습니다. 과잉진료 우려도 있었는데 그런건 정말 전혀 없고 딱 필요한 치료만 안내 받았습니다. 이제 긴 여정을 할꺼 같은데 치과 선택 잘한거 같아요. 망설이시는 분들 적극 추천 드립니다.,2026-03-31 11:36:24
천동치과,1,편한치과의원,66,"편한치과의원
25.11.26.수
안녕하세요, 편한치과의원입니다^^
저희 치과의 외관 사진을 담은 소중한 리뷰 감사합니다 :)
앞으로도 편하게 찾으실 수 있는 치과가 되도록 노력하겠습니다! 좋은 하루 되세요^^",2026-03-31 11:36:24
천동치과,1,편한치과의원,67,"편한치과의원
25.11.26.수
안녕하세요, 편한치과의원입니다^^
더욱 많은 분들이 편하게 ""ㄱㄱ""할 수 있는 치과가 되도록 노력하겠습니다!
소중한 리뷰 감사합니다 :)",2026-03-31 11:36:24
천동치과,1,편한치과의원,68,자세하고 친절한 설명 감사합니다,2026-03-31 11:36:24
천동치과,1,편한치과의원,69,"편한치과의원
25.12.31.수
안녕하세요. 편한치과의원입니다!
소중한 리뷰 작성해주셔서 정말 감사합니다.
매번 저희치과를 믿고 방문해주셔서 정말 감사드립니다!",2026-03-31 11:36:24
천동치과,1,편한치과의원,70,"편한치과의원
25.11.26.수
안녕하세요, 편한치과의원입니다^^
치과치료 받으신 후 리뷰 작성해주셔서 감사합니다. 이름에 맞게 편한 치과가 되도록 더욱 노력하겠습니다!
소중한 리뷰 감사합니다 :)",2026-03-31 11:36:24
천동치과,1,편한치과의원,71,"편한치과의원
25.11.26.수
안녕하세요, 편한치과의원입니다^^
저희 치과에서 진료를 받으셨군요. 앞으로도 불편하신 부분 있으실 때 편하게 찾을 수 있는 치과가 되도록 노력하겠습니다.
소중한 리뷰 감사합니다 :)",2026-03-31 11:36:24
천동치과,1,편한치과의원,72,"편한치과의원
25.12.31.수
안녕하세요. 편한치과의원입니다!
소중한리뷰 작성해주셔서 감사합니다.
좋은 하루 되시길 바랍니다!",2026-03-31 11:36:24
천동치과,1,편한치과의원,73,항상친절하시구좋아여^^,2026-03-31 11:36:24
천동치과,1,편한치과의원,74,잇몸치료 감사합니다 친절하세요,2026-03-31 11:36:24
천동치과,1,편한치과의원,75,잇몸에 피가나서 치아 검진받고 스켈링을 하게 되었는데 치료 받으면서 설명까지 섬세하게 잘 설명을 받아서 넘 만족하고 갑니다^^,2026-03-31 11:36:24
천동치과,1,편한치과의원,76,비오는날인데도 환자가 많네요! 그럼에도 예약시간 지켜주셔서 감사해요 진료실선생님들도 친절하시고 제 스케줄상 예약잡기 힘든데 최대한 맞춰주신 데스크선생님들도 짱이에여 모든쌤들 너무 친절하시네요ㅠㅠ항상 번창하시길 바래요,2026-03-31 11:36:24
천동치과,1,편한치과의원,77,"이가 너무 아퍼서 왔는데 이를 빼게됬네요
원장님이 마음 편하게 설명해주셔서 감사합니다
데스크에서 얼음팩 주셔서 찜질도 잘했어요
모두 친절하시네요~",2026-03-31 11:36:24
천동치과,1,편한치과의원,78,치료잘받고 왔어요~ 어제 갑자기 비가 와서 우산 없었는데 데스크 직원분들이 우산도 빌려주시고 너무 감사했습니다 ㅠ 직원분들이 너무 친절하시고 원장님도 치료잘해주셔서 만족하고 왔습니다~!!,2026-03-31 11:36:24
천동치과,1,편한치과의원,79,"새로운 편한치과 처음왔는데
너무 친철하시고 안아프게 진료해주세요.
너무좋아요",2026-03-31 11:36:24
천동치과,1,편한치과의원,80,의사샘이랑 치위생사샘들은 항상 친절하신데 데스크 직원분 때문에 항상 기분이 안좋아져요,2026-03-31 11:36:24
천동치과,1,편한치과의원,81,친절하고 꼼꼼하게 진료해 주세요,2026-03-31 11:36:24
천동치과,1,편한치과의원,82,오늘은 잇몸치료와 인레이본뜨기를 하고 왔어요 친절하게 설명해주시고 치료해주셔서 참 감사합니다,2026-03-31 11:36:24
천동치과,1,편한치과의원,83,친절하게 잘 치료받았어요 잇몸치료예약했구요 늘 다니던 곳입니다,2026-03-31 11:36:24
천동치과,1,편한치과의원,84,진료를 잘하주세요,2026-03-31 11:36:24
천동치과,1,편한치과의원,85,"오랫동안 다닌치과인데 대기실도 편안하고
의사선생님은 언제나 친절하세요",2026-03-31 11:36:24
천동치과,1,편한치과의원,86,친절 하시고 병원도 쾌적 하며 친절하게 설명 해주셨어요 비용에 관한 이야기도 디테일 하게 해주셨으며 환자 입장에서 경제적인면도 고려 해주셨습니다,2026-03-31 11:36:24
천동치과,1,편한치과의원,87,👏🏻감동하고 갑니다. 👏🏻현실적이고 환자의 마음을 알아주시는 치과~ 💕주아간호사님👍🏻 너무 감동입니다. 💕홍수영원장님👍🏻 감동입니다. 최고 최고!! 진실성있는 진료 감사합니다😍,2026-03-31 11:36:24
천동치과,1,편한치과의원,88,친절하게 설명해주시고 치료도 잘 해주셔서 첫째아이때부터 쭉 다니고 있어요^^,2026-03-31 11:36:24
천동치과,1,편한치과의원,89,"반응 남기기
방문일
25.7.26.토
2025년 7월 26일 토요일
9번째 방문
인증 수단
영수증",2026-03-31 11:36:24
천동치과,1,편한치과의원,90,"엄마의 임플란트 비용과 틀니 비용을
지불했고
사람이 너무 많아서 대기가 너무 길어서
그럼에도 갈수밖에 없는
슬픈~~",2026-03-31 11:36:24
천동치과,1,편한치과의원,91,"어머니 틀니가 불변해서 왔는데, 원장님이 꼼꼼히 설명해 주셨어요",2026-03-31 11:36:24
천동치과,1,편한치과의원,92,"반응 남기기
방문일
25.7.8.화
2025년 7월 8일 화요일
4번째 방문
인증 수단
영수증",2026-03-31 11:36:24
천동치과,1,편한치과의원,93,"편한치과의원
25.6.27.금
안녕하세요! 편한치과의원입니다.
소중한 리뷰 작성해주셔서 감사합니다:)",2026-03-31 11:36:24
천동치과,1,편한치과의원,94,항상친절하시구좋아여,2026-03-31 11:36:24
천동치과,1,편한치과의원,95,넓고 쾌적하고 친절해요,2026-03-31 11:36:24
천동치과,1,편한치과의원,96,정말 훌륭한 치과입니다!!! 처음부터 끝까지 거치는 모든 관계자분들이 친절함으로 대해 주셔서 좋암ㅅ던 것 같네요!! 모든 분들께 추천드립니다,2026-03-31 11:36:24
천동치과,1,편한치과의원,97,"처음 방문
사람이 너무 많아서 1시간도 넘게 기다리고",2026-03-31 11:36:24
천동치과,1,편한치과의원,98,친절하고 깨끗합니다.,2026-03-31 11:36:24
천동치과,1,편한치과의원,99,친절하고 치료를 잘해주십니다,2026-03-31 11:36:24
천동치과,1,편한치과의원,100,의사선생님도 친절하시고 꼼꼼하게 진료봐주십니다.,2026-03-31 11:36:24
천동치과,2,온마음치과의원,1,"시설이 깨끗하고 선생님들이 친절하고!
멀리서온보람이 있네요.
스케일링 전,후 사진찍어보여주시는 곳은 처음이에요!
네이버예약후 방문했어요
손님들이랑 애기들도많아요
수요일엔 야간진료도 가능해요!",2026-03-31 11:39:22
천동치과,2,온마음치과의원,2,친절하시고 빠른 진행 좋아요~~계속 다닐것같아요,2026-03-31 11:39:22
천동치과,2,온마음치과의원,3,"아이 검진및 실란트 했는데
아주 편안하게 잘 받고 왔어요
엄청 아기때는 울었는데 이번에는 잘 치료 받고 온듯합니다 감사합니다",2026-03-31 11:39:22
천동치과,2,온마음치과의원,4,스케일링 받으러 왔는데 원장님 치위생사 선생님 다들 너무 친절하시고 하나도 안 아프게 치료 잘 받았어요. 치과 내부도 깔끔하고 너무 예쁘네요. 치과 유목민인데 여기로 정착 하려고요!,2026-03-31 11:39:22
천동치과,2,온마음치과의원,5,의사선생님이 친절하고 아이 충치치료 금방 끝내주셨어요 다른 간호사 선생님 진짜 친절하시고 아이 달래주는것도 잘하세요 앞으로 여기만 방문하려고요 감사해요~~,2026-03-31 11:39:22
천동치과,2,온마음치과의원,6,"다니던 치과가 멀어서 오랜만에 검진하려고 처음 방문했습니다 직원분들 너무 친절하시고, 원장님이 보시고 치료할부위 있는지 자세히 설명해주셔서 믿음이 가네요~
앞으로 치료는 요기서만 해야겠어요 과잉진료 없습니다",2026-03-31 11:39:22
천동치과,2,온마음치과의원,7,시설깔끔하고 스케일링도 꼼꼼히 해주셨어요. 치아 관리하는 법까지 상세히 알려주셔서 좋았어요.,2026-03-31 11:39:22
천동치과,2,온마음치과의원,8,좋아요 친절해요,2026-03-31 11:39:22
천동치과,2,온마음치과의원,9,"반응 남기기
방문일
1.12.월
2026년 1월 12일 월요일
1번째 방문
인증 수단
영수증",2026-03-31 11:39:22
천동치과,2,온마음치과의원,10,"반응 남기기
방문일
1.9.금
2026년 1월 9일 금요일
3번째 방문
인증 수단
예약",2026-03-31 11:39:22
천동치과,2,온마음치과의원,11,"반응 남기기
방문일
1.5.월
2026년 1월 5일 월요일
1번째 방문
인증 수단
예약",2026-03-31 11:39:22
천동치과,2,온마음치과의원,12,소아 진료 위해 방문 했는데 친절하고 좋아요.,2026-03-31 11:39:22
천동치과,2,온마음치과의원,13,"반응 남기기
방문일
25.12.27.토
2025년 12월 27일 토요일
2번째 방문
인증 수단
예약",2026-03-31 11:39:22
천동치과,2,온마음치과의원,14,"깨끗하고 좋아요!
선생님들 모두 친절하시고 설명도 잘 해주세요😃
스케일링 하러 갔는데 검진도 같이 해주시고 겸사겸사 엑스레이도 찍어서 치아상태 확인까지 잘 했습니다!",2026-03-31 11:39:22
천동치과,2,온마음치과의원,15,"집근처라 방문해보았는데 친절하고 빠르게
진료해서 좋았어요",2026-03-31 11:39:22
천동치과,2,온마음치과의원,16,"이사온 동네에서 가까운 곳에 있어 스케일링 받았어요.
치위생사님께서 꼼꼼하게 해주셨고, 치아 상태에 대한 설명도 잘 해주셨어요. 스케일링 후 원장님 검진도 기볍게 했는데, 젊으신 여자 원장님이시고 차분하시고 친절하게 설명 잘 해주세요. 동네에서 마음에 드는 치과를 알게 되서 좋네요!",2026-03-31 11:39:22
천동치과,2,온마음치과의원,17,친절하세요~ 대기시간 없이 바로 예약후 진료보았어요^^,2026-03-31 11:39:22
천동치과,2,온마음치과의원,18,친절 하고 깔끔해요 . 상담 꼼꼼하게 해주셔서 좋아요 ㅎㅎ 과잉진료 안하시고 부담 없이 설명해 주셔서 마음 편하게 진료 받고가요~,2026-03-31 11:39:22
천동치과,2,온마음치과의원,19,신혼집 입주하고 주변 치과 찾아서 처음 왔는데 다들 친절하시고 너무 좋네요^^ 예비 신랑이랑 같이 와서 스케일링 잘 받고갑니다!! 앞으로도 꾸준히 와서 검진 받으러 올게요~~,2026-03-31 11:39:22
천동치과,2,온마음치과의원,20,"의사, 간호사 선생님 모두 친절하시고 꼼꼼하게 진료 잘 봐주세요.",2026-03-31 11:39:22
천동치과,2,온마음치과의원,21,넘 친절하시고 스케일링 꼼꼼하게 잘해주십니다!!채고 여기로 정착할게용,2026-03-31 11:39:22
천동치과,2,온마음치과의원,22,아이 충치치료 때문에 방문했어요! 워낙 겁이 많은 아이라 하루종일 걱정하고 갔는데 선생님들이 아이에게 계속 설명해주고 겁먹어서 입도 안벌리는거 보고 조금 화도 날법한데 끝까지 칭찬도 해주시고 달래주신 덕분에 1차 치료 무사히 잘 받았어요ㅠㅠ 의사 선생님도 너무 친절하신데 치위생사 선생님들 진짜 최고입니다!,2026-03-31 11:39:22
천동치과,2,온마음치과의원,23,친절하셨어요! 대기없이 바로 상담할 수 있어서 좋았어요,2026-03-31 11:39:22
천동치과,2,온마음치과의원,24,아이들 구강검진도하고 저도스케일링했어요~ 너무 친절하시고 꼼꼼하십니다👍,2026-03-31 11:39:22
천동치과,2,온마음치과의원,25,"반응 남기기
방문일
25.10.31.금
2025년 10월 31일 금요일
1번째 방문
인증 수단
예약",2026-03-31 11:39:22
천동치과,2,온마음치과의원,26,"턱관절이 불편하여 치료를 받았는데 만족합니다
치아 전반적으로 상담도 받았는데 믿음이가고 여기서 계속 치료받고 싶어요",2026-03-31 11:39:22
천동치과,2,온마음치과의원,27,고생많았던 어금니 임플란트 두 개 마쳤는데 이젠 내 이 같이 너무 좋아요! 감사합니다.,2026-03-31 11:39:22
천동치과,2,온마음치과의원,28,"둘째치료에 너무 만족스러워서 첫째도 여기에서 치료했어요
원장님 꼼꼼하시고 말씀도 너무 친절하셔서 믿고 다녀왔어요 앞으로도 계속 온마음치과에서 검진받으면서 진료받을려고요!!!",2026-03-31 11:39:22
천동치과,2,온마음치과의원,29,"잇몸치료, 임프란트하고 있는데 만족중입니다",2026-03-31 11:39:22
천동치과,2,온마음치과의원,30,"시설이 뛰어나고 설명을 잘 해주시고 믿음이 가게 치료를 해줍니다
다음에도 또 치료를 받고 싶어요
특히 어린아이들이 좋아할 듯해요",2026-03-31 11:39:22
천동치과,2,온마음치과의원,31,처음 방문했는데 너무 깔끔하고 친절하셔서 아이들도 겁먹지않고 치료받았습니다 자주이용 할거같아요!,2026-03-31 11:39:22
천동치과,2,온마음치과의원,32,아이들 영유아구강검진 너무 잘 봐주셨어요 원장님도 직원분들도 다 친절하셔서 좋았습니다!!,2026-03-31 11:39:22
천동치과,2,온마음치과의원,33,친절하시고 치료도 잘 해주셨어요!,2026-03-31 11:39:22
천동치과,2,온마음치과의원,34,"병원이 깨끗하고, 원장님 진료실선생님 모두 친절해요
스켈링 아프지않게 잘 받았습니다😀",2026-03-31 11:39:22
천동치과,2,온마음치과의원,35,"스케일링 받으려고 처음 방문했는데 너무 친절하시고 잘 해주십니다.
감사합니다.",2026-03-31 11:39:22
천동치과,2,온마음치과의원,36,친절합니다 감사합니다,2026-03-31 11:39:22
천동치과,2,온마음치과의원,37,친절하시고 상담도 꼼꼼히 해주셨어요! 치료할때도 불편한것 없이 좋았습니다.,2026-03-31 11:39:22
천동치과,2,온마음치과의원,38,"집 근처에 새로 생겼길래 네이버 예약하고 방문했어요!
스케일링만 하러 갔는데 이제 정기 진료도 여기서 받으려구용
원장님,직원분들 모두 친절하고 내부도 깨끗해서 좋았어요!😊",2026-03-31 11:39:22
천동치과,2,온마음치과의원,39,집앞에 이런 곳이 생기니 너무 좋네요 스케일링도 안 아프게 꼼꼼히 해주시고 앞으로 주기적으로 검진 받으러 가야겠어용,2026-03-31 11:39:22
천동치과,2,온마음치과의원,40,친절하시고 설명잘해주심 병원이 깔끔하고 예뻐요,2026-03-31 11:39:22
천동치과,2,온마음치과의원,41,새로생긴 치과였는데 쾌적하고 직원분들 모두 친절하셨습니다~ 종종 방문할것같아요,2026-03-31 11:39:22
천동치과,2,온마음치과의원,42,아이가 치과를 정말 무서워하는데 선생님께서 너무 차분히 기다려주시고 잘봐주셔서 아이가 하나도 안무서웠다고 하네요^^ 설명도 자세히 잘해주셔서 너무 좋아요👍,2026-03-31 11:39:22
천동치과,2,온마음치과의원,43,"모두 친절하시고 좋았습니다. 스케일링 아프지 않게 잘 했어요!
임신중이라 간단히 치료했는데, 출산 후에 제대로 치아 검진 받으러 가보려고 해요~",2026-03-31 11:39:22
천동치과,2,온마음치과의원,44,"집 근처에 새로 생긴 치과라 아이 치료 때문에 방문했는데 정말 만족스러웠습니다. 직원분들이 친절하게 안내해 주시고 원장님도 설명을 자세히 해주셔서 믿음이 갔어요. 아이가 치과를 무서워할까 걱정했는데, 치료 전에 차분하게 이야기해 주시고 불안하지 않도록 잘 이끌어 주셔서 아이가 편안하게 치료를 받을 수 있었습니다. 치료 과정도 깔끔하고 끝난 후 관리 방법까지 알려주셔서 도움이 되었어요. 집 앞에 이렇게 좋은 치과가 생겨서 너무 든든하고 앞으로도 계속 다니고 싶습니다.
#예약10주년",2026-03-31 11:39:22
천동치과,2,온마음치과의원,45,충치 치료하고 레진으로 때웠어요. 설명과 치료 꼼꼼해서 만족해요! 집 앞에 괜찮은 치과 있어서 좋네요~^^,2026-03-31 11:39:22
천동치과,2,온마음치과의원,46,진료 빠르고 친절합니다,2026-03-31 11:39:22
천동치과,2,온마음치과의원,47,"오른쪽, 왼쪽 어금니 쪽 치료했는데 시린게 다 사라졌어요 치료중에도 불편한 부분 계속 체크해주시고 의사선생님 간호사선생님 모두 친절하고 좋았어요 이사온 지 얼마 안돼서 이동네 치과는 처음인데 계속 여기로 다닐것 같아요 ㅎㅎ",2026-03-31 11:39:22
천동치과,2,온마음치과의원,48,"초등학생 아이 유치가 흔들려서 예약없이 토요일 오픈시간 맞춰 방문하게 되었어요. 토요일이니 어느정도 대기를 예상했는데 생각보다 오래 기다리진 않았어요. 인테리어도 너무 깔끔하고 음료도 여러가지 많이 준비되어 있어서 편히 쉬며 기다렸어요.
데스크 선생님도 친절하셨고 의사선생님도 친절하시고 차분하게 설명을 자세히 잘 해주세요. 아이들전용 1인 치료실이 따로 있고 아이들이 좋아할만한 인형이나 피규어도 있고 천장에 티비도 있어서 치과치료에 무서움을 느끼는 아이들에게 안정감을 줄 수 있는 점도 좋았어요. 의사선생님은 어떠한 치료를 할 때마다 아이에게 설명을 먼저 해주시고 조심스럽게 하시기 때문에 치과에 두려움을 느끼던 아이도 편안하게 치료를 받고 나올 수 있었던 것 같아요.
재방문의사 1000000%이상입니다!👍",2026-03-31 11:39:22
천동치과,2,온마음치과의원,49,6세 아이 구강검진하러 갔는데 원장님 간호사 선생님들 모두 친절하시고 꼼꼼하게 설명해주셨어요! 아이가 무서워하니 하나하나 자세하게 설명해주시고 아이의 눈높이에서 해주셨답니다. 병원도 깔끔하고 다음에 또 방문하겠습니다😊,2026-03-31 11:39:22
천동치과,2,온마음치과의원,50,"한국에 머무는 기간이 얼마 남지 않아 걱정했는데, 10일 안에 어금니 신경치료를 출국 전날까지 딱 맞춰 끝내주셔서 너무 감사했어요 🥹 턱관절 문제로 입을 크게 못 벌리는데도 불편하지 않게 치료해주셔서 감동했습니다. 믿고 찾을 수 있는 치과라고 생각해요!👍👍",2026-03-31 11:39:22
천동치과,2,온마음치과의원,51,처음 방문했는데 새로 오픈해서 병원도 깔끔했고 선생님들 모두 친절하셨습니다. 상담도 꼼꼼하게 잘해주시네요,2026-03-31 11:39:22
천동치과,2,온마음치과의원,52,아이 치료 받았는데 시설도 좋고 친절하심. 다음에또 이용하려 합니다.,2026-03-31 11:39:22
천동치과,2,온마음치과의원,53,간호사님도 선생님도 친절하세요~항상 멀리 다녔는데 집근처라 이제 쭉 올거같아요~~,2026-03-31 11:39:22
천동치과,2,온마음치과의원,54,치과가 깔끔하고 좋아요!,2026-03-31 11:39:22
천동치과,2,온마음치과의원,55,"친절하시고 병원 깔끔하고 좋아요 ㅎㅎㅎ
대기도 없어용",2026-03-31 11:39:22
천동치과,2,온마음치과의원,56,"아이 정기검진하러 처음 방문했는데 선생님들 친절하시고 아이가 무섭지 않게 다독이며 잘 대해주세요^^
다음 검진때 봴게요🫠",2026-03-31 11:39:22
천동치과,2,온마음치과의원,57,"예약하고 초 3남자 아이 구강검진 및 충치치료 받았는데 편안하게 꼼꼼하게 치료 잘 받았어요^^
원장님, 직원분들 모두 친절하시고 가까운뎌 좋은 치과 있어서 넘 좋네요~~!!",2026-03-31 11:39:22
천동치과,2,온마음치과의원,58,"집앞이라 가까워서 방문했는데
친절하고 빨리 진료해주셨어요~
설명도 잘해주시고 필요한부분 딱딱 말씀해주셔서 아주 만족 합니다! 시설도 너무 깔끔하고 집앞이 이런곳이 생겨서 넘 좋네요!!",2026-03-31 11:39:22
천동치과,2,온마음치과의원,59,적절한 가격으로 꼼꼼히 봐주셔요!!,2026-03-31 11:39:22
천동치과,2,온마음치과의원,60,시설이 깔끔하고 원장님과 직원분들 모두친절하셔서좋아요~^^,2026-03-31 11:39:22
천동치과,2,온마음치과의원,61,"첫방문입니다~~~~
꼼꼼하게 진료해주셔서 좋아요~~
장비도 깔끔깔끔 마음에 듭니다^^",2026-03-31 11:39:22
천동치과,2,온마음치과의원,62,"예약보다 늦게 진료받았지만 다들 친절하고 꼼꼼하게
알려주시고 둘찌 충치치료도 금방 끝나고
소아진료실있어서 아이들이 덜 무서워하는 거 같아요
집앞에 좋은 치과가 있어서 좋아요 👍",2026-03-31 11:39:22
천동치과,2,온마음치과의원,63,"빠르고 친절하게 진됴해주셔서 감사합니다.
홈메우기 떨어진것도 확인해주셔서, 충치생기기전에 선행치료 감사합니다~",2026-03-31 11:39:22
천동치과,2,온마음치과의원,64,집 앞에 치과가 생겨서 스케일링 하러 왔어요!! 처음 해봐서 걱정 했는데 안 아프게 잘 해주셨어요..🥹🥹 간호사님들도 친절하시고 좋습니다!!,2026-03-31 11:39:22
천동치과,2,온마음치과의원,65,"아이가 치과 무서워해서 가던곳만 가고싶어하는데 이사오면서 집앞에 새로 개원한 치과로 와봤어요~~
원장님도 다른 쌤들도 다 친절하시고,
치과가 깨끗하고 깔끔해서 좋네요^^
담엔 제가 진료보러 와야겠어요~~",2026-03-31 11:39:22
천동치과,2,온마음치과의원,66,"새로 개원했다고 해서 왔는데 친절하시고, 설명도 자세하게 해주셔서 감사했어요^^",2026-03-31 11:39:22
천동치과,2,온마음치과의원,67,의사선생님이 친절해여,2026-03-31 11:39:22
천동치과,2,온마음치과의원,68,"새로 오픈 이벤트 불소도포로 왔는데
설명도 아이한테 친절히 해주시고 모든분들이 전부 친절하시네요 아이가 겁도 안내고 잘치료 받고 갑니다",2026-03-31 11:39:22
천동치과,2,온마음치과의원,69,"아이 이가 흔들려서 예약없이 갔는데도 오래 기다리지 않았고 의사선생님들과 간호사선생님들이 엄청 친절했어요^^
집 바로앞에 생겨서 너무 좋네요",2026-03-31 11:39:22
천동치과,2,온마음치과의원,70,"초등학교 2학년 아이 치아검진과 충치치료 했습니다. 필요한 치료만 권해주시고 설명도 자세하게 해주셨습니다. 겁이 많은 아이인데 원장님, 치과위생사 선생님께서 잘 달래주셔서 진료 잘받았습니다. 아이 학교, 학원 동선이랑 겹치는곳에 치과가 생겨서 감사한 마음입니다.",2026-03-31 11:39:22
천동치과,2,온마음치과의원,71,아이 홈메우기등으로 방문했어요~ 직원분들 모두 친절하시고 설명도 잘 해주셔서 편안하게 진료 받고 왔어요~ 조만간 저도 진료 받으러 다녀올 생각이에요.,2026-03-31 11:39:22
천동치과,2,온마음치과의원,72,"진료도 빠르고 친절하게 설명해주셔서 좋았어요~
통증 밀씀 드리니까 여러 부분 확인해주시고 다시 나오셔서 약 처방도 넣어주셨어요!",2026-03-31 11:39:22
천동치과,2,온마음치과의원,73,"치과치료 제일무서워해서 미루고 미루다가 집앞에 생겼다고해서 와봤습니당😃
근데 상담실장님도 치위생사님도 원장님도 다친절하시고 스케일링 할때마다 너무아파서 중간에 쉬다하고 했었는데 여기선 안쉬고 한번에 마쳤네요 ㅠㅠ
진짜 예약까지 잡고 나왔습니당 엄청친절+안아프게해주세요!!!!!!
제 치아가 좀 난이도가있는데 잘해주셔서 만족도100이네용",2026-03-31 11:39:22
천동치과,2,온마음치과의원,74,아이 첫 구강검진하려고 찾아보다가 집가까이에 새로 생긴 치과가 생겨서 가봤어요 첫 치과방문이라 겁먹고 못하고 올까봐 내심 걱정했는데 아이한테 맞춰서 해주시니까 덕분에 울지않고 잘하고 왔어요,2026-03-31 11:39:22
천동치과,2,온마음치과의원,75,"의사선생님~간호사선생님들 모두 친절하시고~
집앞이라 아주 좋아요~
저두, 저희 아이들도 정기검진은 여기로 다닐꺼예요♡",2026-03-31 11:39:22
천동치과,2,온마음치과의원,76,"4살 아이가 치아아프다 해서 방문했어요 ~
엑스레이 촬영부터 진료까지 선생님들이 친절하고 아이가 무섭지 않게 설명해주셔서 겁많은 아이인데 한번도 안울고 치료 잘 받고왔어요❤️ 집에서도 가까워서 자주 이용할거같아요 ㅎㅎ",2026-03-31 11:39:22
천동치과,2,온마음치과의원,77,아이가 무서워하지않고 친절하게 대해주셨어요~ 다음에 또 올게요!,2026-03-31 11:39:22
천동치과,2,온마음치과의원,78,"친절한 치료 좋아요 젊은 여사 의사분이세요
개업 선물 정말 감상해요 다음부터 계속 진료 받으러 갈려구 요",2026-03-31 11:39:22
천동치과,2,온마음치과의원,79,치료 전에 설명도 잘 해주시고 치료도 빠르게 해주셨어요!! 병원도 깔끔하고 선생님들도 친절하십니다:),2026-03-31 11:39:22
천동치과,2,온마음치과의원,80,데스크선생님 간호사선생님 의사선생님도 다 친절하시고 과잉진료 없어요ㅠㅠ 스케일링 하러 왔다가 충치치료 받고갔는데 마취주사 안아픈거 처음이예요ㅠㅠ 짱!!,2026-03-31 11:39:22
천동치과,2,온마음치과의원,81,"아이 구강검진, 충치치료 하러갔는데
다들 너무 친절하고
치료할때도 아이가 무섭지 않게 친절하게 잘 해주셧어요^^",2026-03-31 11:39:22
천동치과,2,온마음치과의원,82,초등생 유치발치하러 왔어요. 데스크간호사선생님. 원장선생님 친절하십니다. 치아발치할때 뿐만 아니라 충치치료때도 방문하겠습니다,2026-03-31 11:39:22
천동치과,2,온마음치과의원,83,내부가 굉장히 깔끔하고 직원분께서 응대도 친절하게 해주셨어요 아주 좋습니다!,2026-03-31 11:39:22
천동치과,2,온마음치과의원,84,내부 깨끗하고 선생님들 친절하시고 좋았어요.,2026-03-31 11:39:22
천동치과,2,온마음치과의원,85,"스케일링 네이버로 예약 후 방문했습니다. 꼼꼼하고 안아프게 잘 봐주셨고, 집가까운곳에 좋은 치과가 생겨서 좋습니다. 개원이벤트로 선물도 한가득 챙겨주셨네요. 충치가 없으면 했는데 ..🤣 다음에 다시 예약하고 내원하겠습니다",2026-03-31 11:39:22
천동치과,2,온마음치과의원,86,시설도 좋고 선생님도 굉장히 친절하셔요~~,2026-03-31 11:39:22
천동치과,2,온마음치과의원,87,"친절하시고 시설깨끗합니다
진료도 너무 친절하게 잘 봐주셨습니다",2026-03-31 11:39:22
천동치과,2,온마음치과의원,88,"집앞이라 6세아이 구강 검진과 불소도포로 방문했었요~첫방문에 병원도 깔끔하구 친절함도 좋았지만 6세아이 치아상태에 대해 선생님께서 차분하게 자세히 설명해주시는 것도 지금까지 다닌 치과 중 가장 마음에 들었어요~
불소도포도 꼼꼼하게 잘해주시구 신뢰감이 드는 병원이였어요^^
지나가다 들려 받은 아빠 스케일링도 잘한다구 만족하네요~
가족치과 찾았네요^^",2026-03-31 11:39:22
천동치과,2,온마음치과의원,89,너무좋아요! 선생님들도 친절하세요,2026-03-31 11:39:22
천동치과,2,온마음치과의원,90,친절하셨습니다,2026-03-31 11:39:22
천동치과,2,온마음치과의원,91,"아이 구강검진으로 방문했습니다
친절하고 깔끔하고 좋아요!",2026-03-31 11:39:22
천동치과,2,온마음치과의원,92,"쌍둥이아이들 데리고 다녀왔어요!
선생님들 너무 친절하셔서
아이들도 무서워하지않고 진료봤어요^^
칭찬 스티커도 붙여주시고! 감사합니다😊",2026-03-31 11:39:22
천동치과,2,온마음치과의원,93,친절하십니다,2026-03-31 11:39:22
천동치과,2,온마음치과의원,94,스케일링이랑 검진받았는대 다들 친절하시고 원장님 과잉진료없이 관리 방법알려주십니다 집근처에 좋은치과 생겨서 좋아요,2026-03-31 11:39:22
천동치과,2,온마음치과의원,95,원장님과 쌤들 모두 친절하고 좋아요.,2026-03-31 11:39:22
천동치과,2,온마음치과의원,96,"의사쌤 간호사쌤 다들 너무 친절하시고
선생님께서 자세하게 설명을 너무 잘해주세요!
특히 마취할때 안아프게 연고마취 먼저 발라주시는데 진짜 안아프더라고여ㅋㅋㅋ
아기랑도 계속 다녀야 하는데 잘온거같아여!!!",2026-03-31 11:39:22
천동치과,2,온마음치과의원,97,스케일링이필요해서 예약없이 급하게방문했는데도 친절하게 설명해주셔서 잘받았습니다 꼼꼼하게 진료봐주시고 좋았어요!,2026-03-31 11:39:22
천동치과,2,온마음치과의원,98,모두 친절하셨고 선생님께서 이를 사랑하는 분인것같았어요^^,2026-03-31 11:39:22
천동치과,2,온마음치과의원,99,다들 너무너무 친절하시고 진료 보는 내내 꼼꼼하게 물어봐 주시고 챙겨 주셔서 좋앗어요! 앞으로 치과 진료는 여기에서만 받으려구여! 금액도 많이 비싸지 않은거 같고 치료도 안 아프게 잘하심,2026-03-31 11:39:22
천동치과,2,온마음치과의원,100,치위생사님들과 원장님 모두 엄청 친절하셨어요!! 살면서 처음 해 본 스케일링이라 걱정했는데 살짝 한 번씩 시린 거 빼고는 하나도 안 아팠고 스케일링 해주신 치위생사님이 다정하셔서 괜찮았답미다👍🏻 완전 개운 !,2026-03-31 11:39:22
천동치과,3,리더스장치과의원,1,스케일링 하러 방문했습니다. 친절하고 아프지 않게 잘 해주셨어요.,2026-03-31 11:42:29
천동치과,3,리더스장치과의원,2,치과 특유의 냄새때문에 공포증 있는데 이 치과는 들어 왔을 때 냄새 나는 것도 없고 친절하고 너무 좋아요 잘봐주세요~ ~~ ~ .ᐟ 최고,2026-03-31 11:42:29
천동치과,3,리더스장치과의원,3,"반응 남기기
방문일
25.9.8.월
2025년 9월 8일 월요일
1번째 방문
인증 수단
영수증",2026-03-31 11:42:29
천동치과,3,리더스장치과의원,4,"친절하신 원장님
치료 잘 받았습니다
실내도 예쁘네요
직원분들도 역시나 친절하네요",2026-03-31 11:42:29
천동치과,3,리더스장치과의원,5,"반응 남기기
방문일
25.2.14.금
2025년 2월 14일 금요일
1번째 방문
인증 수단
영수증",2026-03-31 11:42:29
천동치과,3,리더스장치과의원,6,"반응 남기기
방문일
25.2.11.화
2025년 2월 11일 화요일
1번째 방문
인증 수단
영수증",2026-03-31 11:42:29
천동치과,3,리더스장치과의원,7,"24년의 마지막 날, 치아 스케일링을 하러 방문했습니다. 오후에는 손님이 많을까 싶어서 오전에 갔는데 제 앞에 3명이나 대기가 있더라구요. 대기시간은 좀 있었지만 길진 않았습니다. 병원 내부는 생긴 지 얼마 안되어서 깨끗하고 깔끔했습니다. 진료 받는데 원장님도 친절하게 봐주시고 스케일링 해주시는 분도 아프지 않게 잘 해주셨어요. 진료 받은 다음 날 불편한 곳은 없는지 애프터 문자도 보내주시더라구요. 여러모로 좋았습니다.",2026-03-31 11:42:29
천동치과,3,리더스장치과의원,8,"반응 남기기
방문일
24.12.21.토
2024년 12월 21일 토요일
1번째 방문
인증 수단
영수증",2026-03-31 11:42:29
천동치과,3,리더스장치과의원,9,"아이 충치치료때문에 방문했는데, 아이가 무서워서 울고 해서 지체 되었는데, 원장님 짜증 한번 안내시고 아이 달래주시면서 치료 잘해주셨어요~ 너무 감사했어요, 직원 선생님들도 친절하시고, 데스크선생님도 편안하게 응대 잘해주셔서 치료 잘받고 왔습니다~^^",2026-03-31 11:42:29
천동치과,3,리더스장치과의원,10,"처음 가봤는데 친절하고 좋았습니다.
깨끗해요! 굿",2026-03-31 11:42:29
천동치과,3,리더스장치과의원,11,"반응 남기기
방문일
24.6.19.수
2024년 6월 19일 수요일
12번째 방문
인증 수단
영수증",2026-03-31 11:42:29
천동치과,3,리더스장치과의원,12,좋아요~~ 친절해요~~^^,2026-03-31 11:42:29
천동치과,3,리더스장치과의원,13,꼼꼼히 잘 봐주시고 다들 친절하세요,2026-03-31 11:42:29
천동치과,3,리더스장치과의원,14,직원분들 다들 너무 친절하시고 꼼꼼하게 잘 봐주셔서 좋아용,2026-03-31 11:42:29
천동치과,3,리더스장치과의원,15,"반응 남기기
방문일
23.12.29.금
2023년 12월 29일 금요일
3번째 방문
인증 수단
영수증",2026-03-31 11:42:29
천동치과,3,리더스장치과의원,16,"반응 남기기
방문일
23.12.18.월
2023년 12월 18일 월요일
2번째 방문
인증 수단
영수증",2026-03-31 11:42:29
천동치과,3,리더스장치과의원,17,"오~
친절하십니다
저렴히 잘 치료 받았습니다
감사감사
또 방문할거예요",2026-03-31 11:42:29
천동치과,3,리더스장치과의원,18,"원장님 치료 꼼꼼히 잘해주시고요
직원분들 친절하세요",2026-03-31 11:42:29
천동치과,3,리더스장치과의원,19,친절하고 진료 꼼꼼히 잘봐주시는거 같아요,2026-03-31 11:42:29
천동치과,3,리더스장치과의원,20,굿~~ 친절해요~~^^,2026-03-31 11:42:29
천동치과,3,리더스장치과의원,21,접수해주는 분은 안좋은 일이 있는지 내가 운이 없는건지 갈때마다 불친절인지 무뚝뚝인지 접수할때두ㆍ 계산시두 기분상해 나옴. 진료잘받구 기분상함,2026-03-31 11:42:29
천동치과,3,리더스장치과의원,22,"반응 남기기
방문일
23.7.24.월
2023년 7월 24일 월요일
11번째 방문
인증 수단
영수증",2026-03-31 11:42:29
천동치과,3,리더스장치과의원,23,"반응 남기기
방문일
23.7.24.월
2023년 7월 24일 월요일
1번째 방문
인증 수단
영수증",2026-03-31 11:42:29
천동치과,3,리더스장치과의원,24,"반응 남기기
방문일
23.7.4.화
2023년 7월 4일 화요일
4번째 방문
인증 수단
영수증",2026-03-31 11:42:29
천동치과,3,리더스장치과의원,25,"반응 남기기
방문일
23.6.7.수
2023년 6월 7일 수요일
3번째 방문
인증 수단
영수증",2026-03-31 11:42:29
천동치과,3,리더스장치과의원,26,"반응 남기기
방문일
23.6.5.월
2023년 6월 5일 월요일
8번째 방문
인증 수단
영수증",2026-03-31 11:42:29
천동치과,3,리더스장치과의원,27,"반응 남기기
방문일
23.6.2.금
2023년 6월 2일 금요일
2번째 방문
인증 수단
영수증",2026-03-31 11:42:29
천동치과,3,리더스장치과의원,28,굿 친절해요,2026-03-31 11:42:29
천동치과,3,리더스장치과의원,29,"반응 남기기
방문일
23.5.22.월
2023년 5월 22일 월요일
1번째 방문
인증 수단
영수증",2026-03-31 11:42:29
천동치과,3,리더스장치과의원,30,집 근처 치과라서 방문했는데 친절하셔서 좋았습니다~,2026-03-31 11:42:29
천동치과,3,리더스장치과의원,31,"반응 남기기
방문일
23.3.31.금
2023년 3월 31일 금요일
1번째 방문
인증 수단
영수증",2026-03-31 11:42:29
천동치과,3,리더스장치과의원,32,"반응 남기기
방문일
23.3.17.금
2023년 3월 17일 금요일
7번째 방문
인증 수단
영수증",2026-03-31 11:42:29
천동치과,3,리더스장치과의원,33,"사람이 많이없어서 기다리지않아서 좋아요
하나 불만은 히터가 너무빵빵해서 숨막혀요..",2026-03-31 11:42:29
천동치과,3,리더스장치과의원,34,"반응 남기기
방문일
23.3.6.월
2023년 3월 6일 월요일
10번째 방문
인증 수단
영수증",2026-03-31 11:42:29
천동치과,3,리더스장치과의원,35,"반응 남기기
방문일
23.2.27.월
2023년 2월 27일 월요일
9번째 방문
인증 수단
영수증",2026-03-31 11:42:29
천동치과,3,리더스장치과의원,36,원장님 간호사님 모두 친절하고 좋아요,2026-03-31 11:42:29
천동치과,3,리더스장치과의원,37,"반응 남기기
방문일
23.2.24.금
2023년 2월 24일 금요일
8번째 방문
인증 수단
영수증",2026-03-31 11:42:29
천동치과,3,리더스장치과의원,38,"반응 남기기
방문일
23.2.23.목
2023년 2월 23일 목요일
1번째 방문
인증 수단
영수증",2026-03-31 11:42:29
천동치과,3,리더스장치과의원,39,"반응 남기기
방문일
23.2.20.월
2023년 2월 20일 월요일
7번째 방문
인증 수단
영수증",2026-03-31 11:42:29
천동치과,3,리더스장치과의원,40,"반응 남기기
방문일
23.2.20.월
2023년 2월 20일 월요일
6번째 방문
인증 수단
영수증",2026-03-31 11:42:29
천동치과,3,리더스장치과의원,41,"치료과정을 정확하게 말씀해주세요.
과도한 치료는 절대 안하세요",2026-03-31 11:42:29
천동치과,3,리더스장치과의원,42,"반응 남기기
방문일
23.2.17.금
2023년 2월 17일 금요일
5번째 방문
인증 수단
영수증",2026-03-31 11:42:29
천동치과,3,리더스장치과의원,43,"처음 방문..
좋지도 나쁘지도 않은..",2026-03-31 11:42:29
천동치과,3,리더스장치과의원,44,"반응 남기기
방문일
23.2.14.화
2023년 2월 14일 화요일
6번째 방문
인증 수단
영수증",2026-03-31 11:42:29
천동치과,3,리더스장치과의원,45,"반응 남기기
방문일
23.2.14.화
2023년 2월 14일 화요일
4번째 방문
인증 수단
영수증",2026-03-31 11:42:29
천동치과,3,리더스장치과의원,46,"반응 남기기
방문일
23.2.13.월
2023년 2월 13일 월요일
3번째 방문
인증 수단
영수증",2026-03-31 11:42:29
천동치과,3,리더스장치과의원,47,"반응 남기기
방문일
23.2.11.토
2023년 2월 11일 토요일
2번째 방문
인증 수단
영수증",2026-03-31 11:42:29
천동치과,3,리더스장치과의원,48,"반응 남기기
방문일
23.2.8.수
2023년 2월 8일 수요일
1번째 방문
인증 수단
영수증",2026-03-31 11:42:29
천동치과,3,리더스장치과의원,49,"반응 남기기
방문일
22.12.30.금
2022년 12월 30일 금요일
1번째 방문
인증 수단
영수증",2026-03-31 11:42:29
천동치과,3,리더스장치과의원,50,"반응 남기기
방문일
22.12.5.월
2022년 12월 5일 월요일
2번째 방문
인증 수단
영수증",2026-03-31 11:42:29
천동치과,3,리더스장치과의원,51,"반응 남기기
방문일
22.11.12.토
2022년 11월 12일 토요일
1번째 방문
인증 수단
영수증",2026-03-31 11:42:29
천동치과,3,리더스장치과의원,52,"반응 남기기
방문일
22.11.8.화
2022년 11월 8일 화요일
1번째 방문
인증 수단
영수증",2026-03-31 11:42:29
천동치과,3,리더스장치과의원,53,아이 유치 흔들려 뽑으러 간 집 근처 치과~쌤 친절하고 아프지 않게 뽑아주시네요~,2026-03-31 11:42:29
천동치과,3,리더스장치과의원,54,"집근처에 있는 치과라 급할때 자주 애용합니다.
원장님이 남자분이신데 아이들한테도 많이 친절해
지셨어요. 소아치과가 아니다보니 아이들한테도
어른대하듯 하시는게 있었는데 아이들도
잘 달래주시고 진정될때까지 기다려주십니다.
직원분들도 친절하세요.",2026-03-31 11:42:29
천동치과,3,리더스장치과의원,55,"친절하고 꼼꼼하게 치료를 잘해줘요.
원인이 무엇인지 어떻게 치료를 해야하는지를 잘알려주시고 불필요한 치료는 절대로 안함",2026-03-31 11:42:29
천동치과,3,리더스장치과의원,56,"반응 남기기
방문일
22.10.4.화
2022년 10월 4일 화요일
1번째 방문
인증 수단
영수증",2026-03-31 11:42:29
천동치과,3,리더스장치과의원,57,"반응 남기기
방문일
22.9.27.화
2022년 9월 27일 화요일
1번째 방문
인증 수단
영수증",2026-03-31 11:42:29
천동치과,3,리더스장치과의원,58,"반응 남기기
방문일
22.9.19.월
2022년 9월 19일 월요일
1번째 방문
인증 수단
영수증",2026-03-31 11:42:29
천동치과,3,리더스장치과의원,59,친절하고 좋아요,2026-03-31 11:42:29
천동치과,3,리더스장치과의원,60,그냥..집 가까운~,2026-03-31 11:42:29
천동치과,3,리더스장치과의원,61,"반응 남기기
방문일
22.8.3.수
2022년 8월 3일 수요일
1번째 방문
인증 수단
영수증",2026-03-31 11:42:29
천동치과,3,리더스장치과의원,62,"반응 남기기
방문일
22.8.3.수
2022년 8월 3일 수요일
5번째 방문
인증 수단
영수증",2026-03-31 11:42:29
천동치과,3,리더스장치과의원,63,"원장님도 간호사님도 꼼꼼하고 친절하십니다
신경치료 한번치료만에 아푼게 90프로 사라진것같아 신기하네요. 감사합니다",2026-03-31 11:42:29
천동치과,3,리더스장치과의원,64,꼼꼼하게 잘봐주십니다. 과잉진료없다는 지인의 얘기를 듣고 왔습니다. 병원도 깔끔하고 간호사님들도 좋으시네요,2026-03-31 11:42:29
천동치과,3,리더스장치과의원,65,"반응 남기기
방문일
22.7.23.토
2022년 7월 23일 토요일
1번째 방문
인증 수단
영수증",2026-03-31 11:42:29
천동치과,3,리더스장치과의원,66,"반응 남기기
방문일
22.7.16.토
2022년 7월 16일 토요일
1번째 방문
인증 수단
영수증",2026-03-31 11:42:29
천동치과,3,리더스장치과의원,67,친절해서 좋아요,2026-03-31 11:42:29
천동치과,3,리더스장치과의원,68,"반응 남기기
방문일
22.7.15.금
2022년 7월 15일 금요일
1번째 방문
인증 수단
영수증",2026-03-31 11:42:29
천동치과,3,리더스장치과의원,69,"반응 남기기
방문일
22.7.6.수
2022년 7월 6일 수요일
4번째 방문
인증 수단
영수증",2026-03-31 11:42:29
천동치과,3,리더스장치과의원,70,"반응 남기기
방문일
22.7.6.수
2022년 7월 6일 수요일
1번째 방문
인증 수단
영수증",2026-03-31 11:42:29
천동치과,3,리더스장치과의원,71,집앞에 있어서 급하게 치과치료할때 편리해요,2026-03-31 11:42:29
천동치과,3,리더스장치과의원,72,의사쌤 간호쌤 모두친절하심,2026-03-31 11:42:29
천동치과,3,리더스장치과의원,73,"반응 남기기
방문일
22.4.6.수
2022년 4월 6일 수요일
3번째 방문
인증 수단
영수증",2026-03-31 11:42:29
천동치과,3,리더스장치과의원,74,"2년 전에 갔을 때 스켈링을 꼼꼼하게 잘 해주길래 이번에 다시 갔음. 치과 의사는 정말 친절함. 과잉진료 없음. 치위생사한테 스켈링 부탁드림. 치위생사 명찰을 안 차고 있어서 치위생사인지 모르겠는데 맞다고는 함. 석션을 혀에 꽂고, 미러로 잇몸 찍고, 스켈러로 잇몸 찌름. 불만족.",2026-03-31 11:42:29
천동치과,3,리더스장치과의원,75,"반응 남기기
방문일
22.3.15.화
2022년 3월 15일 화요일
1번째 방문
인증 수단
영수증",2026-03-31 11:42:29
천동치과,3,리더스장치과의원,76,"집에서 가까워서 좋아요.
시설이 깔끔해요",2026-03-31 11:42:29
천동치과,3,리더스장치과의원,77,"반응 남기기
방문일
22.2.4.금
2022년 2월 4일 금요일
1번째 방문
인증 수단
영수증",2026-03-31 11:42:29
천동치과,3,리더스장치과의원,78,"반응 남기기
방문일
21.12.20.월
2021년 12월 20일 월요일
3번째 방문
인증 수단
영수증",2026-03-31 11:42:29
천동치과,3,리더스장치과의원,79,"반응 남기기
방문일
21.12.20.월
2021년 12월 20일 월요일
4번째 방문
인증 수단
영수증",2026-03-31 11:42:29
천동치과,3,리더스장치과의원,80,"반응 남기기
방문일
21.11.19.금
2021년 11월 19일 금요일
1번째 방문
인증 수단
영수증",2026-03-31 11:42:29
천동치과,3,리더스장치과의원,81,"반응 남기기
방문일
21.11.9.화
2021년 11월 9일 화요일
2번째 방문
인증 수단
영수증",2026-03-31 11:42:29
천동치과,3,리더스장치과의원,82,"반응 남기기
방문일
21.8.13.금
2021년 8월 13일 금요일
2번째 방문
인증 수단
영수증",2026-03-31 11:42:29
천동치과,3,리더스장치과의원,83,가까워서 좋고 친절해요.,2026-03-31 11:42:29
천동치과,3,리더스장치과의원,84,"반응 남기기
방문일
21.5.18.화
2021년 5월 18일 화요일
2번째 방문
인증 수단
영수증",2026-03-31 11:42:29
천동치과,3,리더스장치과의원,85,"반응 남기기
방문일
21.5.12.수
2021년 5월 12일 수요일
1번째 방문
인증 수단
영수증",2026-03-31 11:42:29
천동치과,3,리더스장치과의원,86,"반응 남기기
방문일
21.3.30.화
2021년 3월 30일 화요일
1번째 방문
인증 수단
영수증",2026-03-31 11:42:29
천동치과,3,리더스장치과의원,87,"반응 남기기
방문일
21.2.26.금
2021년 2월 26일 금요일
1번째 방문
인증 수단
영수증",2026-03-31 11:42:29
천동치과,3,리더스장치과의원,88,"코로나 때문에 치료받는것도 망설여지는데, 방역수칙대로 잘하는것 같아서 안심이되었어요. 다들 친절하고 좋아요.",2026-03-31 11:42:29
천동치과,3,리더스장치과의원,89,"반응 남기기
방문일
20.12.29.화
2020년 12월 29일 화요일
2번째 방문
인증 수단
영수증",2026-03-31 11:42:29
천동치과,3,리더스장치과의원,90,유치 뽑고 열났어요.. 이런일이 처음이라,2026-03-31 11:42:29
천동치과,3,리더스장치과의원,91,조아여 ㅎ 스켈링햇는데 안아프게 잘해주세여,2026-03-31 11:42:29
천동치과,3,리더스장치과의원,92,간호사분들이 친절하세요 ~,2026-03-31 11:42:29
천동치과,4,이앤장치과교정과치과의원,1,저희 딸 교정 진행 중인데 예약 시간 잘 맞춰주셔서 학교 끝나고 다니기 괜찮아요~ 교정 시작하면 병원 자주 가야 해서 일정 관리 은근 중요하더라구요...,2026-03-31 11:45:08
천동치과,4,이앤장치과교정과치과의원,2,고등학생 아들 교정 시작했는데 남자애라 병원 엄청 싫어할 줄 알았거든요ㅋㅋ 근데 생각보다 잘 다니고 있어요. 치료할 때마다 상태 설명을 아이랑 보호자 같이 해줘서 이해하기 좋았어요.,2026-03-31 11:45:08
천동치과,4,이앤장치과교정과치과의원,3,"혹시 대전에서 교정 알아보시는 분 계실까봐 남겨요~
저희 딸이 중학생인데 덧니 때문에 교정 시작했어요. 병원 몇 군데 상담 다녀봤는데 여기 이앤장교정과는 설명을 좀 차분하게 해주시더라구요. 아이 상태랑 치료 기간도 현실적으로 얘기해주셔서 결정했어요.
지금 6개월 정도 됐는데 아이가 병원 가는 거 크게 싫어하지는 않아요. 오래 다녀야 하는 치료라 분위기도 중요한 것 같아요.",2026-03-31 11:45:08
천동치과,4,이앤장치과교정과치과의원,4,딸냄 교정 시작한 지 꽤 됐는데 예약 관리도 잘 해주시구요. 치료 일정도 무리하게 잡지 않아서 아이가 스트레스 덜 받는 것 같아요. 오래 다니기 괜찮은 병원이에요.,2026-03-31 11:45:08
천동치과,4,이앤장치과교정과치과의원,5,여기서 치아교정 끝난 지 1년 정도 됐는데 유지장치 체크 받으러 꾸준히 다니고 있습니다. 교정 끝난 이후 관리도 잘 봐주는 편이라 만족하고 있어요,2026-03-31 11:45:08
천동치과,4,이앤장치과교정과치과의원,6,"교정 잘 진행되고 있어서 좋아요 꾸준히 친절하시고 열심히 봐주셔서 감사합니다
교정치과 찾는분들은 꼭 여기로 오시길 ㅜ",2026-03-31 11:45:08
천동치과,4,이앤장치과교정과치과의원,7,"딸 교정 시작하면서 병원 알아보는 게 쉽지 않았는데 교정전문치과라 그런지 검사 과정이 체계적이었구요, 실장님 상담도 차분하고 여러모로 신뢰가 가는 치과네요 좋아요",2026-03-31 11:45:08
천동치과,4,이앤장치과교정과치과의원,8,대전 교정치과 찾다가 상담받았는데 치료 기간이랑 비용 부분을 현실적으로 설명해줘서 계획 세우기 좋았습니당,2026-03-31 11:45:08
천동치과,4,이앤장치과교정과치과의원,9,큰애 교정 끝나구 유지장치 때문에 아직도 가끔 방문해요. 실장님이 아이 기억해주셔서 괜히 반갑더라구요ㅎㅎ 병원이 꾸준히 유지되는 느낌이라 편하게 다니고 있어요,2026-03-31 11:45:08
천동치과,4,이앤장치과교정과치과의원,10,교정은 워낙 장기적인 치료라 병원 알아보기 부터 쉽지 않은데 여긴 멀리 살아도 믿고 다니게 되는 곳이에요,2026-03-31 11:45:08
천동치과,4,이앤장치과교정과치과의원,11,교정 상담 처음이라 긴장했는데 질문해도 부담 없이 답해줘서 좋았습니다. 전반적으로 상담이 차분한 편이에요.,2026-03-31 11:45:08
천동치과,4,이앤장치과교정과치과의원,12,아침 일찍부터 피곤한기색 없이 잘봐주셔서 감사합니다^^ 덕분에 교정 잘 되고있어요,2026-03-31 11:45:08
천동치과,4,이앤장치과교정과치과의원,13,"예약없이 갔지만 빠르게 봐주셨어요.
아이교정치료상담받았는데 원장님이설명을 깔끔하게 알아듣기쉽게 친절하게 잘해주셔서좋았어요.
간호샘들도 친절하고 만족하고왔습니다.",2026-03-31 11:45:08
천동치과,4,이앤장치과교정과치과의원,14,"우리 딸 중학생 때부터 다니기 시작했는데 벌써 고등학생 됐네요~~ 교정 치료 오래 걸리니까 병원 분위기 중요한데 여기 직원분들 크게 안 바뀌어서 마음 편하구요,, 원장님도 여전히 꼼꼼하게 봐주셔서 좋아용.",2026-03-31 11:45:08
천동치과,4,이앤장치과교정과치과의원,15,"교정 상담을 받으러 처음 방문했는데 긴장하지 않고 편하게 상담할 수 있었습니다.
검사 과정도 꼼꼼하고, 치료 계획을 자세히 설명해 주셔서 이해가 잘 되었고 원장님이 설명을 차근차근 해주셨으며 직원분들도 친절하셨어요.
병원 분위기도 차분하고 깔끔해서 처음 방문임에도 부담이 없었습니다. 교정 치료 시작 전부터 끝까지 체계적으로 관리해 주실 것 같다는 믿음이 생겼어요!
친구들에게도 추천하고 싶은 병원이에요!",2026-03-31 11:45:08
천동치과,4,이앤장치과교정과치과의원,16,원장님도 실장님도 그대로~~ㅎㅎ 열심히 하시네요 그대로라 정말 편하고 좋아여,2026-03-31 11:45:08
천동치과,4,이앤장치과교정과치과의원,17,상담받아볼까 해서 왔는데 후기가 왜 좋은지 알겠네요,2026-03-31 11:45:08
천동치과,4,이앤장치과교정과치과의원,18,"평일에 야간진료 있어서 왔다가 상담 너무 잘받고갑니다~~
교정 진행도 기대해볼게요",2026-03-31 11:45:08
천동치과,4,이앤장치과교정과치과의원,19,"교정 치료 받았던 병원이라 가끔 체크 받으러 가는데 직원분들이 크게 바뀌지 않아서 안정감 있구요, 원장님도 예전 그대로 꼼꼼하게 봐주셔서 믿음이 갑니다!",2026-03-31 11:45:08
천동치과,4,이앤장치과교정과치과의원,20,교정 진료가 확실히 다르네요~ 원장님께서 꼼꼼하게 봐주시고 설명도 자세히 해주셔서 믿음이 갑니다 역시 전문과는 차이가 있는 것 같아요,2026-03-31 11:45:08
천동치과,4,이앤장치과교정과치과의원,21,만족스러워요. 오랜만에 왔는데 대기 시간이 좀 있었지만 원장님이 정말 친절하시고 진료도 꼼꼼하게 봐주셔서 좋았어요,2026-03-31 11:45:08
천동치과,4,이앤장치과교정과치과의원,22,여전히 꼼꼼하게 봐주시는 원장님 덕분에 만족스러워요~ 교정 과정 내내 세심하게 체크해주셔서 믿음이 가요,2026-03-31 11:45:08
천동치과,4,이앤장치과교정과치과의원,23,오랜만에 다시 찾았는데 역시 만족스럽습니다~ 원장님께서 꼼꼼하게 진료해주시고 설명도 자세히 해주셔서 믿음이 가요! 데스크 분들도 상냥하게 응대해주시고 궁금한 점 물어보면 친절하게 알려주셔서 편안하게 다닐 수 있었어요,2026-03-31 11:45:08
천동치과,4,이앤장치과교정과치과의원,24,올때마다 친절함에 기분 좋아지는곳! 실력도 좋으셔서 교정 잘 진행되고 있어요 ㅎㅎ,2026-03-31 11:45:08
천동치과,4,이앤장치과교정과치과의원,25,오랜만에 왔는데도 원장님께서 제 상태 다 기억하시고 세심하게 봐주셔서 감동이었어요. 데스크분들 응대도 상냥하고 궁금한 점 물어보면 친절하게 설명해주셔서 편안하게 다닐 수 있었습니다. 교정 과정 내내 꼼꼼하게 체크해주시니 믿음이 가요.,2026-03-31 11:45:08
천동치과,4,이앤장치과교정과치과의원,26,교정 실력이 확실해요. 다른 치과에서 추천받아 찾아왔는데 원장님 진료가 꼼꼼하고 세심하시더라고요. 딸아이 치아 상태도 많이 좋아져서 계속 다니려고요,2026-03-31 11:45:08
천동치과,4,이앤장치과교정과치과의원,27,역시 교정은 원장님 실력이 중요한 것 같아요 ㅎㅎ 꼼꼼하게 봐주시고 설명도 자세히 해주셔서 믿음이 가요,2026-03-31 11:45:08
천동치과,4,이앤장치과교정과치과의원,28,꼼꼼하게 봐주시는 게 여전하시네요 교정도 잘 마무리됐고 원장님도 그대로라 반가웠어요,2026-03-31 11:45:08
천동치과,4,이앤장치과교정과치과의원,29,야간진료 있어서 다니기 편해요 원장님 덕에 교정 진행도 잘되고 있습니다. 항상 열심히 진료 봐주셔서 맘이 좋아요,2026-03-31 11:45:08
천동치과,4,이앤장치과교정과치과의원,30,"꼼꼼하게 봐주시는 원장님 덕분에 유지도 잘되고 있고요, 데스크 실장님도 여전히 계셔서 반가웠어요",2026-03-31 11:45:08
천동치과,4,이앤장치과교정과치과의원,31,오랜만에 들렀는데 원장님 여전히 열심히 하시는 모습 보기 좋네요~ 교정 마무리까지 꼼꼼하게 봐주셔서 믿음 가요!,2026-03-31 11:45:08
천동치과,4,이앤장치과교정과치과의원,32,역시 예전 실장님 그대로 계셔서 반갑고 유지 관리도 꼼꼼하게 잘 봐주시네요,2026-03-31 11:45:08
천동치과,4,이앤장치과교정과치과의원,33,"이앤장치과교정과치과의원
2.24.화
안녕하세요, 이앤장치과입니다.
소중한 리뷰 남겨주셔서 감사드립니다.
앞으로도 꼼꼼하고 신뢰할 수 있는 관리로 진료하겠습니다.
감사합니다.",2026-03-31 11:45:08
천동치과,4,이앤장치과교정과치과의원,34,꾸준한 실력과 친절함 좋아요 진료 잘받고갑니다~,2026-03-31 11:45:08
천동치과,4,이앤장치과교정과치과의원,35,여전히 데스크 실장분이 계셔서 반가웠어요. 익숙한 분위기와 꾸준히 유지관리 잘 해주시는 모습이 든든해요,2026-03-31 11:45:08
천동치과,4,이앤장치과교정과치과의원,36,교정 마무리가 정말 깔끔하네요~ 원장님 여전히 열심히 진료하시는 모습 보니 든든하고 좋아요!,2026-03-31 11:45:08
천동치과,4,이앤장치과교정과치과의원,37,"깔끔하고 체계적인 관리 덕분에 오랜만에 왔는데도 편안했어요~ 데스크 실장님도 여전히 계셔서 더 반가웠고, 전체적으로 안정적인 분위기가 느껴졌어요!",2026-03-31 11:45:08
천동치과,4,이앤장치과교정과치과의원,38,화요일에 야간진료해서 일끝나고 올 수 있어서 넘좋아요ㅜ 원장님 경력이 뛰어나셔서 믿고 다니고있는데 친절하셔서 더 좋아요,2026-03-31 11:45:08
천동치과,4,이앤장치과교정과치과의원,39,벌써 다닌지 몇달 되었네요~ 꾸준히 섬세하고 친절한 진료 해주시는 곳이에요 교정 진행과정도 잘설명해주셔서 감사해요~,2026-03-31 11:45:08
천동치과,4,이앤장치과교정과치과의원,40,오랜만에 왔는데 원장님 여전히 열심히 진료하시는 모습이 좋았어요 교정 과정도 꼼꼼하게 체크해주시고 변함없이 신경 써주셔서 안심됐어요,2026-03-31 11:45:08
천동치과,4,이앤장치과교정과치과의원,41,검사겸 교정 상담받으러왔는데 데스크 직원분도 친절하시고 원장님이 성심성의껏 상담해주심 어려운 부분도 이해하기 쉽게 설명해주시며 치료를 유도하는 분위기가 아니고 말 그대로 진짜상담을 해주심 교정치료 받기로해서 결과도 기대중,2026-03-31 11:45:08
천동치과,4,이앤장치과교정과치과의원,42,처음 상담받을 때부터 믿음이 갔고 진행 과정도 꼼꼼하게 체크해주셔서 안심하고 다닐 수 있었습니다 교정 결과도 기대 이상이라 정말 만족스럽습니다,2026-03-31 11:45:08
천동치과,4,이앤장치과교정과치과의원,43,주변에서 추천받아 방문했는데 정말 잘 선택했다는 생각이 듭니다 교정 과정 하나하나 꼼꼼하게 봐주시고 아이 상태에 맞춰 진행해주셔서 믿음이 갑니다,2026-03-31 11:45:08
천동치과,4,이앤장치과교정과치과의원,44,처음 들어갔을 때부터 깨끗하다는 느낌이 확 들었어요 청소하시는 분이 정말 꼼꼼하게 관리하시는 게 눈에 보여서 아이랑 함께 다니기에 너무 좋아요 청결은 제가 가장 중요하게 생각하는 부분인데 여기는 그 점에서 정말 만족스러워요,2026-03-31 11:45:08
천동치과,4,이앤장치과교정과치과의원,45,만족스러운 치과 경험이었어요! 데스크 직원들이 친절하고 설명도 잘해주셔서 좋았어요 치아교정 과정도 알기쉽게 설명해주셨고 안심하고 진료 받았습니다~,2026-03-31 11:45:08
천동치과,4,이앤장치과교정과치과의원,46,첫방문이라 긴장했는데 모두들 친절하게 진료 봐주셔서 좋았어요! 교정상담 자세히 진행해주셔서 믿음이 감ㅅ어요~~ 앞으로 기대가 되네욥 ㅎㅎ,2026-03-31 11:45:08
천동치과,4,이앤장치과교정과치과의원,47,주차장이 여러곳이에요. 근처에는 주차하기 어려워요,2026-03-31 11:45:08
천동치과,4,이앤장치과교정과치과의원,48,보은에 살지만 대전까지 와서 교정 받을 만큼 만족스러워요~ 꼼꼼하게 진행해주시고 치료 받을 때마다 변화가 느껴져서 신기하고 뿌듯해요,2026-03-31 11:45:08
천동치과,4,이앤장치과교정과치과의원,49,교정 상담받으러 왔는데 이원장님이 정말 꼼꼼하게 봐주시더라고 설명도 알아듣기 쉽게 해주시고 궁금한 부분 하나하나 답변해주셔서 믿음이 갔습니다 교정전문의시라 그런지 진료 과정이나 계획도 체계적이었고 전체적으로 만족스러운 상담이었습니다,2026-03-31 11:45:08
천동치과,4,이앤장치과교정과치과의원,50,"초등 5학년 아이 교정 하고 있어요!
선생님께서 처음 설명 하실때부터 아이가 이해할 수도록 설명을 너무 잘 해주셔서 믿음이 갔어요. 아이 치아 상태에 맞춰서 부분교정도 가능하다고 말씀해 주셔서 선택을 할 수 있어서 더 좋았어요. 부분교정의 장단점과 전체교정의 장단점을 알고 결정할 수 있었어요.
아이가 맘 편히 다닐 수 있어서 너무 감사합니다.",2026-03-31 11:45:08
천동치과,4,이앤장치과교정과치과의원,51,환자가 많아서 좀 기다렸지만 원장님이 정말 친절하시고 진료도 꼼꼼히 잘 봐주셨어요,2026-03-31 11:45:08
천동치과,4,이앤장치과교정과치과의원,52,원장님이 친절하고 섬세하게 진료 설명해주셔서 마음이 편했어요. 교정 상담도 상세하게 해주시고 진행 과정에 대해 이해하기 쉽게 안내해주셔서 좋았네요.,2026-03-31 11:45:08
천동치과,4,이앤장치과교정과치과의원,53,정말 만족스러운 치과 경험이었어요. 데스크 직원들이 상냥하고 설명도 잘해줘서 좋았어요. 치아교정 과정을 알기 쉽게 안내해주셔서 안심하고 치료받을 수 있었네요.,2026-03-31 11:45:08
천동치과,4,이앤장치과교정과치과의원,54,"반응 남기기
방문일
25.10.1.수
2025년 10월 1일 수요일
2번째 방문
인증 수단
영수증",2026-03-31 11:45:08
천동치과,4,이앤장치과교정과치과의원,55,치아 교정 때문에 겁 먹었는데 원장님이 친절하게 이것저것 알려주시고 진료 봐주셔서 덜 긴장하고 진료 받을 수 있었어요~ 대기실에 아이들을 위한 레고도 있어서 같이 온 아이가 즐겁게 기다릴 수 있더라고요,2026-03-31 11:45:08
천동치과,4,이앤장치과교정과치과의원,56,"대기가 조금 있었는데 막상 제 차례가 돼서 상담 받아보니까 기다린 보람이 있더라구요!! 시간 아끼려고 대충 보는 게 아니라, 궁금한 부분까지 하나씩 꼼꼼하게 설명해주셔서 만족했어요~~",2026-03-31 11:45:08
천동치과,4,이앤장치과교정과치과의원,57,치과가 전반적으로 깔끔하고 쾌적해서 방문할 때 불편함이 없었어요~~ 대기실도 자리 넉넉하고 분위기가 편안해서 치료 전에도 긴장이 덜 되더라구요! 일회용 가글도 비치되어 있어서 좋앗어요^^,2026-03-31 11:45:08
천동치과,4,이앤장치과교정과치과의원,58,데스크 직원들이 상냥하고 설명도 잘해줘서 좋아요 상담할 때 질문하는 내용에 대해 꼼꼼하게 알려주시고 교정치료 과정도 자세히 안내해주셔서 안심이 됐어요,2026-03-31 11:45:08
천동치과,4,이앤장치과교정과치과의원,59,원장님께서 정말 친절하게 상담해주시고 아이 치아 상태를 꼼꼼히 체크해주셨어요 다른 치과에서도 추천받아 방문했는데 정말 좋은 선택이었다고 느껴졌어요 전문적인 설명과 세심한 케어가 인상적이었어요,2026-03-31 11:45:08
천동치과,4,이앤장치과교정과치과의원,60,"덧니 때문에 오래 고민하다가 상담 받으러 갔는데, 원장님이 제 치아를 하나하나 보면서 설명을 차근차근 해주셨어요. 어렵게 얘기하지 않고 이해하기 쉽게 알려주셔서 교정에 대한 걱정이 줄었네요ㅎㅎ 여기서 덧니교정 하기로 했어요!!!! ㅎㅎ",2026-03-31 11:45:08
천동치과,4,이앤장치과교정과치과의원,61,대기 시간이 좀 있었지만 원장님께서 정말 친절하게 진료 봐주셔서 좋았어요 충분한 설명까지 해주시니 의사선생님을 믿고 맡길 수 있는 치과네요,2026-03-31 11:45:08
천동치과,4,이앤장치과교정과치과의원,62,데스크 직원들이 상냥하게 응대해주시고 질문할 때마다 꼼꼼하게 설명해주셔서 좋았어요 궁금한 점이 있어도 편하게 물어볼 수 있는 분위기였으며 치료 과정도 이해하기 쉽게 알려주셨어요,2026-03-31 11:45:08
천동치과,4,이앤장치과교정과치과의원,63,환자가 많아서 조금 기다렸지만 원장님이 너무 친절하게 대해주셔서 좋았어요~ 설명도 이해하기 쉽게 해주시고 궁금한 점도 자세히 답변해주셔서 믿음이 가는 치과네요!,2026-03-31 11:45:08
천동치과,4,이앤장치과교정과치과의원,64,교정치과 가봤는데 원장님이 교정 쪽으로 많이 배우신 분이라 믿음이 가네요 책도 쓰시고 강의도 하신다고 해서 실력도 확실한 것 같고 전문적인 게 느껴져요,2026-03-31 11:45:08
천동치과,4,이앤장치과교정과치과의원,65,치과 교정 위해 대전까지 다니고 있어요 ㅋㅋ 원장님이 정말 친절하고 궁금한 것도 자세히 설명해주셔서 좋네요~~ 교정 치료 과정도 매번 꼼꼼하게 확인해 주시고 참 만족스러워요,2026-03-31 11:45:08
천동치과,4,이앤장치과교정과치과의원,66,교정 진료 받고 왔는데 진료실 직원분들이 진짜 친절하게 대해주셔서 좋았어요. 설명도 알아듣기 쉽게 해주시고 따뜻한 마음으로 치료해주셔서 감사했네요.,2026-03-31 11:45:08
천동치과,4,이앤장치과교정과치과의원,67,치아교정 상담받고 진료도 굉장히 꼼꼼하게 해주셔서 만족했어요. 대기실에 아이들을 위한 레고가 있어서 좋았네요.,2026-03-31 11:45:08
천동치과,4,이앤장치과교정과치과의원,68,직원분들이 오래 계셔서 인지 이전에 설명해드린 제 치아 상태도 기억하시고 전 후를 잘 알아요 다른 치과는 자주 바뀌어서 처음부터 다시 설명해야하는 번거로움이 있었는데 여기는 그런 부담이 없어 편해요~,2026-03-31 11:45:08
천동치과,4,이앤장치과교정과치과의원,69,완전 만족스러운 곳이에요 보호자 불러서 매번 설명해주시고 하나하나 친절하게 해주셔서 저희 어머니도 같이 다니고 있어요 정말 좋아요,2026-03-31 11:45:08
천동치과,4,이앤장치과교정과치과의원,70,아이가 이제 치과를 무서워하지 않네요 항상 친절하게 진료 해주셔서 감사합니다🙂,2026-03-31 11:45:08
천동치과,4,이앤장치과교정과치과의원,71,생각보다 비싼듯,2026-03-31 11:45:08
천동치과,4,이앤장치과교정과치과의원,72,"인비절라인 장치 교체하러 방문했어요~~ 역시나 친절하시고 세심하게 봐주시는 원장님 덕분에 항상 믿고 다닙니다☺️✨
늘 감사합니다^^ 앞으로도 잘 부탁드려요!",2026-03-31 11:45:08
천동치과,4,이앤장치과교정과치과의원,73,원장님이 친절하게 치아 상태를 설명해주시고 치료에 필요한 내용까지 꼼꼼히 알려주셔서 좋았어요~ 대기실에 아이들을 위한 레고가 있어서 아이가 심심하지 않게 기다릴 수 있었어요,2026-03-31 11:45:08
천동치과,4,이앤장치과교정과치과의원,74,"예약이 왜 있는지 모르겠네요....
주차는 편해요",2026-03-31 11:45:08
천동치과,4,이앤장치과교정과치과의원,75,"두 번째 방문이었는데 15주년 기념 칫솔까지 챙겨주셔서 또 한 번 기분 좋았어요💖 첫 방문 때 상담 받고 교정 결심했는데, 오늘 다시 찾아와보니 더 잘했다는 생각이 들었어요!
덧니 교정 시작하려는데 벌써부터 예쁘게 완성된 모습이 기대돼요🥰✨",2026-03-31 11:45:08
천동치과,4,이앤장치과교정과치과의원,76,교정 후 너무 만족해요 데스크 직원들이 상냥하고 설명도 잘해줘서 좋았어요,2026-03-31 11:45:08
천동치과,4,이앤장치과교정과치과의원,77,너무 만족스러웠어요. 사람들이 많아 조금 기다렸지만 원장님이 진료 정말 잘 보셔서 기다린 보람이 있었네요. 교정 관련해서 궁금했던 점들 다 자세히 설명해주시고 진료 과정도 편안했어요.,2026-03-31 11:45:08
천동치과,4,이앤장치과교정과치과의원,78,원장님이 교정 분야에 전문성이 정말 느껴져요. 책도 내시고 강의도 하신다고 해서 신뢰감이 확 생겼어요. 일반 치과와는 차별화된 전문성이 있어 선택하길 잘했다는 생각이 드네요,2026-03-31 11:45:08
천동치과,4,이앤장치과교정과치과의원,79,주걱턱이라 고민하다가 저번달부터 이앤장에서 교정시작했어요!! 오늘 진료도 너무 꼼꼼했어요 친절해서 믿고 다니게 돼요!😊15주년 기념으로 칫솔 세트 주셔서 감사했어요 :),2026-03-31 11:45:08
천동치과,4,이앤장치과교정과치과의원,80,원장님 설명도 너무 자세히 해주시고 제 걱정을 되게 많이 해주셔서 편하게 교정할 수 있었어요 매번 가도 항상 똑같은 직원분들이 계셔서 안심이 되고 교정이 생각보다 수월하게 진행되고 있네요,2026-03-31 11:45:08
천동치과,4,이앤장치과교정과치과의원,81,"반응 남기기
방문일
25.7.2.수
2025년 7월 2일 수요일
5번째 방문
인증 수단
영수증",2026-03-31 11:45:08
천동치과,4,이앤장치과교정과치과의원,82,진료받고 느낀 점은 정말 만족스러웠어요. 선생님이 친절하게 설명해주시고 질문에도 차근차근 답변해주셔서 좋았어요. 아이들을 위한 레고도 있어서 기다리는 시간이 지루하지 않았네요.,2026-03-31 11:45:08
천동치과,4,이앤장치과교정과치과의원,83,치아교정 상담받고 정말 좋았어요. 교정전문의라 그런지 전문적으로 잘 알려주셨어요. 원장님 설명이 너무 이해하기 쉬웠고 친절하게 대해주셔서 편안했네요. ㅎㅎ,2026-03-31 11:45:08
천동치과,4,이앤장치과교정과치과의원,84,만족스러운 결과에 매번 놀라게 되네요 ㅎㅎ 교정 치료 과정이 편안하고 세심하게 진행돼서 좋았어요 원장님이 치료 과정도 이해하기 쉽게 설명해주셔서 안심하고 치료받을 수 있었어요,2026-03-31 11:45:08
천동치과,4,이앤장치과교정과치과의원,85,치아교정 받는 내내 익숙한 선생님들이 늘 반겨주셔서 마음이 편했어요. 원장님도 항상 친절하게 설명해주시고 진료해주셔서 좋아요. 치아가 예쁘게 바뀌는 과정이 기대되네요 ㅎㅎ,2026-03-31 11:45:08
천동치과,4,이앤장치과교정과치과의원,86,직원분들의 응대가 정말 친절하고 세심해요 교정 과정이나 치료 방법에 대해 설명도 쉽게 해주셔서 많이 이해하기 좋았어요 원장님도 전문적이고 믿음이 가서 안심하고 치료받을 수 있어요,2026-03-31 11:45:08
천동치과,4,이앤장치과교정과치과의원,87,"지인이 교정 추천으로 상담 받았어요~~ 대기가 조금 있었는데요, 제 차례때 보니까 정말 꼼꼼하게 설명해주시더라구요^^ 여기서 교정하기로 결정했어요. 공간도 쾌적하고 친절하세요~~😄",2026-03-31 11:45:08
천동치과,4,이앤장치과교정과치과의원,88,치아 교정 시작한지 한달이 지났네요. 통증도 괜찮고 원장님께서 친절하게 설명해주셔서 안심이 되요. 궁금한 점 있을 때마다 잘 대답해 주시고 치료 과정도 차근차근 알려주셔서 좋아요!,2026-03-31 11:45:08
천동치과,4,이앤장치과교정과치과의원,89,치과 진료 괜찮게 받았네요 원장님 친절하고 상담도 자세히 해주시고 교정 과정에 대해 궁금한 점 물어보면 하나하나 답변해주셔서 좋았어요,2026-03-31 11:45:08
천동치과,4,이앤장치과교정과치과의원,90,교정치과라 긴장되고 무서웠는데 원장님이 진료 과정을 상세히 설명해주셔서 안심이 됐어요 차분하게 교정에 대해 알려주니 이제 치아교정에 대한 막연한 두려움이 사라졌네요,2026-03-31 11:45:08
천동치과,4,이앤장치과교정과치과의원,91,초등 아이 4년전 부정교합 교정치료부터 꾸준히 경과보면서 관리하고 있어요 !! 원장님이 너무 친절하시구 간호선생님들도 항상 친절하게 대해주셔서 기분좋게 진료봅니다 ♡ 주변에 추천 많이 하구있어용 ^^,2026-03-31 11:45:08
천동치과,4,이앤장치과교정과치과의원,92,여기 와보니 다른 치과 원장님이 추천해주신 곳이라 더 믿음이 가네요 교정 진단도 정확히 해주시고 친절하게 잘 설명해주셔서 좋았어요,2026-03-31 11:45:08
천동치과,4,이앤장치과교정과치과의원,93,멀리서도 찾아올 정도로 잘하는 치과라 믿고 선생님께 교정치료 맡겼어요 친절하게 진료과정 설명해주셔서 치료 받는 내내 안심이 됐네요,2026-03-31 11:45:08
천동치과,4,이앤장치과교정과치과의원,94,"반응 남기기
방문일
25.6.4.수
2025년 6월 4일 수요일
4번째 방문
인증 수단
영수증",2026-03-31 11:45:08
천동치과,4,이앤장치과교정과치과의원,95,너무 친절하세요,2026-03-31 11:45:08
천동치과,4,이앤장치과교정과치과의원,96,원장님이 정말 친절하고 꼼꼼하게 설명해주셔서 교정 진행 과정에 대해 잘 이해할 수 있었어요 기다리는 시간이 있었지만 모든 환자분들에게 신경써주시는 모습이 보여서 오히려 믿음직스러웠네요,2026-03-31 11:45:08
천동치과,4,이앤장치과교정과치과의원,97,실력 있는 교정 전문 치과 원장님을 믿고 교정 치료를 받고 있습니다. 치료 결과도 만족스러워서 주변에도 자신 있게 추천하고 있어요.,2026-03-31 11:45:08
천동치과,4,이앤장치과교정과치과의원,98,교정이 필요해서 교정치과 방문했는데 선생님이 너무 친절하게 치료해주셨어요 교정 과정도 상세하게 설명해줘서 불안감도 많이 줄었고 아이에게도 편하게 대해주시는 모습이 좋았어요 ㅎㅎ,2026-03-31 11:45:08
천동치과,4,이앤장치과교정과치과의원,99,원장님과의 상담이 꼼꼼하게 이루어져서 좋았어요. 환자가 많아 조금 기다렸지만 친절하게 응대해주셔서 만족스러웠습니다.,2026-03-31 11:45:08
천동치과,4,이앤장치과교정과치과의원,100,교정 진료 과정이 생각보다 편안했어요. 직원분들이 친절하게 안내해주시고 교정 경과도 설명해주셔서 이해하기 쉬웠네요. 교정기 적응하는 방법도 알려주셔서 도움이 많이 됐어요.,2026-03-31 11:45:08
천동치과,5,365성심플란트치과의원 대전,1,"시설도 깔끔하고 진료 진행도 체계적이구 원장님, 위생사 선생님 접수쌤들 다 친절하시구 좋아요^^ 계속 내원할거 같아요",2026-03-31 11:48:15
천동치과,5,365성심플란트치과의원 대전,2,"사랑니 발치했는데 친절하게 잘해주시고, 아프지 않았어요!!!",2026-03-31 11:48:15
천동치과,5,365성심플란트치과의원 대전,3,친구가 치과 어디 다니냐길래 바로 추천해주고 저도 스케일링 필요해서 같이 다녀왔어요 여기 괜찮지 않냐고 물어보니까 괜찮다더라구요 담엔 남동생 데려갈게요,2026-03-31 11:48:15
천동치과,5,365성심플란트치과의원 대전,4,"아랫니가 아파서 급히 예약하고 방문 했습니다
네이버로 예약하니까 콜포비아에게 이런 기쁨이!!!!!
염증 때문에 아픈거라고 의사샘이 친절하게 설명해 주시고 치료해 주셔서 감사합니다
간호사샘들도 완전 친절하세여
또 올게요?! 정기검진 하러 오겠습니다👍",2026-03-31 11:48:15
천동치과,5,365성심플란트치과의원 대전,5,"병원이 깔끔하고 넓어서 쾌적해요.
의사샘.간호사님 모두 친절하시고
예약시간도 방문자에 맞춰주셔서 감사했어요.",2026-03-31 11:48:15
천동치과,5,365성심플란트치과의원 대전,6,"선생님들 모두 다 친절하세요.
치료하시는 의사선생님, 치위생사님, 안내데스크에게 계신 선생님까지 다 친정하셔서 다녀올 때마다 기분이 좋아집니다. 치과 가기 전까지는 매번 무서운데 잘 다녀왔다 생각이 드네요.",2026-03-31 11:48:15
천동치과,5,365성심플란트치과의원 대전,7,"365성심플란트치과의원 대전
3.5.목
안녕하세요. dbr****님 🩷365성심플란트치과 입니다.
저희 365성심 오셔서 치료 잘 받고 가신것같아서 뿌듯하네요:)
평일에는 야간진료, 주말, 공휴일 전부 진료 하고 있으니 불편하시부분
있으시면 언제든지 내원 해주세요. 감사합니다 (❁´◡`❁)💛💛💛💛💛",2026-03-31 11:48:15
천동치과,5,365성심플란트치과의원 대전,8,친절하고 너무좋아습니다,2026-03-31 11:48:15
천동치과,5,365성심플란트치과의원 대전,9,"너무 깨끗하고 좋아요~
편안하고 빠르게 진료 보았습니다~",2026-03-31 11:48:15
천동치과,5,365성심플란트치과의원 대전,10,"대전 가오동 365성심플란트치과에서 스케일링 받았어요.
예약하고 가서 대기시간도 길지 않았고, 전체적으로 병원 분위기가 깔끔해서 좋았습니다.

의사 선생님이 제 치아 상태를 보면서 관리 방법도 같이 설명해 주시고, 스케일링 과정도 불편하지 않게 꼼꼼하게 해주셔서 생각보다 편하게 받고 왔네요.
치위생사 분도 친절하게 응대해 주셔서 긴장도 덜 됐습니다.

과잉진료 느낌 없이 필요한 부분만 잘 봐주시는 것 같아서 신뢰가 갔고, 가오동 근처에서 치과 찾는 분들께는 한 번 가보셔도 괜찮을 것 같아요.",2026-03-31 11:48:15
천동치과,5,365성심플란트치과의원 대전,11,턱이 너무 아파 방문했는데 시설 너무 좋아요 미리 예약해서 오랜 기다림없이 진료 받았어요,2026-03-31 11:48:15
천동치과,5,365성심플란트치과의원 대전,12,"처응 방문 했는데 병원이 크네요
의사선생님 간호워님 너무 친절하세요",2026-03-31 11:48:15
천동치과,5,365성심플란트치과의원 대전,13,시설이 깔끔해요,2026-03-31 11:48:15
천동치과,5,365성심플란트치과의원 대전,14,사랑니 뽑았는데 진짜 하나도 안아프게 뽑아주셨어요 강추 ..,2026-03-31 11:48:15
천동치과,5,365성심플란트치과의원 대전,15,"주말이라 급하게 예약하고갔는대 초진이라 접수하고
20분?정도대기했던거같아요^^ 과잉진료없이 원장님도 선생님들도 너무친절해서 좋았어요~
아이가 무서워하지않게 옆에서 계속 말도걸어주고 안심시켜주더라구요ㅎ",2026-03-31 11:48:15
천동치과,5,365성심플란트치과의원 대전,16,"스케일링 받았고요
대기 아예 없이 빠르게 진료했고
다른 병원에서 받은거보다 스케일링 시간은 더 걸렸지만 세심하게 잘 해주신거 같습니다.
마취를 해주셔서 크게 아프진 않아요",2026-03-31 11:48:15
천동치과,5,365성심플란트치과의원 대전,17,"처음 방문한굣입니다.
너무 간호사 선생님이 친절하시고
인프란트 가격도 정확하게 비치되어 있으니
좋았습니디.
넓은 치과에 깔끔한 환경
젊은 원장님들이 많으셔서
신로가 가는 곳입니다.
365일 진료를 하니 너무 좋드라고요
저도 다니는 병원 갈아탔습니다.
꼭 추천드립니다",2026-03-31 11:48:15
천동치과,5,365성심플란트치과의원 대전,18,넓고 깔끔하고 친절해요 :),2026-03-31 11:48:15
천동치과,5,365성심플란트치과의원 대전,19,시설도 깔끔하고 선생님들도 매우 친절하세요~~~^^,2026-03-31 11:48:15
천동치과,5,365성심플란트치과의원 대전,20,"잇몸치료 받고가요
마취주사가 너무 무서워서 걱정했는데
간호사쌤이 안심시켜주셔서 좋았어요
감사합니당♡",2026-03-31 11:48:15
천동치과,5,365성심플란트치과의원 대전,21,"365성심플란트치과의원 대전
1.12.월
안녕하세요. pbg9897님 💛 365성심플란트치과 입니다.
저희 365성심플란트치과 내원하셔서 치료 잘 받고 가셨나요?? ^^
언제든지 불편하신치아가 있다면 내원해주세요! 저희는 평일,주말,공휴일
전부 진료 하고 있어서 편하실때 또 내원해주시면 되세요 :) 감사합니다 (●'◡'●)❤️❤️❤️❤️❤️",2026-03-31 11:48:15
천동치과,5,365성심플란트치과의원 대전,22,시설이 깨끗하고 좋아요~~!! 예약되서 편하네요!,2026-03-31 11:48:15
천동치과,5,365성심플란트치과의원 대전,23,"급하게 미백 알아보다가 치료위해 내원했어요 !
예약없이 방문하기는 했는데 바로 진료볼 수 있었고 전체적인 치아 검진 후 미백치료 받았어요!
직원분들이 친절하게 해주셔서 불편함없이 치료 받았습니다
효과도 확실히 있어서 만족해요 !",2026-03-31 11:48:15
천동치과,5,365성심플란트치과의원 대전,24,"스케일링 하러 방문했어요
선생님들 친절하시고
스케일링도 아프지 않게 잘해주셔서
개운하네요^^
감사합니다♡",2026-03-31 11:48:15
천동치과,5,365성심플란트치과의원 대전,25,친절해요 굿~~!!,2026-03-31 11:48:15
천동치과,5,365성심플란트치과의원 대전,26,광고 리뷰가 많아서 걱정했는데 치과 규모도 크고 깔끔했어요! 스케일링 받으러 왔는데 꼼꼼하게 잘해주셨어요! 다음에 레진하러 재방문할게요,2026-03-31 11:48:15
천동치과,5,365성심플란트치과의원 대전,27,"치아미백을 했는데 원장님도 진료 보실때 친절하시고 미백해주신 치위생사분도 엄청 착하셔요
데스크에 있는 분들도 엄청 친절해서 좋아요",2026-03-31 11:48:15
천동치과,5,365성심플란트치과의원 대전,28,최대한 안 아프게 신경써서 치료해주셔서 너무 좋았어요,2026-03-31 11:48:15
천동치과,5,365성심플란트치과의원 대전,29,친절하고 .설명도잘해주셔서감사요,2026-03-31 11:48:15
천동치과,5,365성심플란트치과의원 대전,30,대전동구치과에서 알아주는 치과라고 소개받아서 이쪽 이사오고 가장 만족스러운 치과였습니다..정착할곳 드디어 찾은느낌 진료랑 진단이 세심그자체!,2026-03-31 11:48:15
천동치과,5,365성심플란트치과의원 대전,31,스케일링 제일 편안하게 잘해주시는듯! 다니던데 있었는데 여기가 회사랑도 가까워서 다니고 있어요! 병원이 청결하고 진료도 꼼꼼히 봐주시는 편입니다.,2026-03-31 11:48:15
천동치과,5,365성심플란트치과의원 대전,32,임플란트 수면으로 해주셔서 엄청 좋더라구요! 상담받고 맞는 방법으로 엄청 꼼꼼하게 체크후 진행해주십니다 경험이 많으셔서 파악이빠르시고~ 회복이 엄청 빠른거같아요ㅎㅎ,2026-03-31 11:48:15
천동치과,5,365성심플란트치과의원 대전,33,양치할 수 있는 공간이 마련되어 있고 시술하는데 가격고지 및 필요 치료 안내가 상세해서 좋고 과도한 시술 권유가 없어서 만족스럽습니다!,2026-03-31 11:48:15
천동치과,5,365성심플란트치과의원 대전,34,"원장님 친절하시고 진료 너무 정성스럽게 봐주세요^^
편안한 분위기여서 좋구요,,
데스크 직원분들도 너무 상냥하고 친절친절~",2026-03-31 11:48:15
천동치과,5,365성심플란트치과의원 대전,35,주말 오전에도 진료하고 너무좋네요~ 시간이 안나서 못가고 있었는데 동네분이 여기 알려줬어요! 제가 다니던곳보다 진료도 훨씬 잘봐주시네요ㅠㅠ 이런곳을 이제알다니.. 꾸준히 진료받으러 갈게요~,2026-03-31 11:48:15
천동치과,5,365성심플란트치과의원 대전,36,야간진료하는 치과 찾다가 진료도 잘본다 해서 다녀왔습니다..너무 친절하시고 불필요한거 권유 안하셔서 좋더라구요~ 꾸준히 진료 더 받아 보겠습니다~~,2026-03-31 11:48:15
천동치과,5,365성심플란트치과의원 대전,37,사랑니 상담받고 발치하기로 맘먹구 들렸어요 ㅎㅎ엄청 아플까바 걱정했는데 생각보다 안아프게 잘 해준거 같더라고요 발치 경험 엄청 많으신듯^^,2026-03-31 11:48:15
천동치과,5,365성심플란트치과의원 대전,38,집근처라 다니기 편하고 규모가 좀 있는 병원이라 시스템이 잘 되어있는거같아요 ! 믿고 다닐수있는 치과입니다 👍,2026-03-31 11:48:15
천동치과,5,365성심플란트치과의원 대전,39,부모님 임플란트 해야해서 모시고 다녀왔는데 정말 친절하시고 진료도 잘 봐주시더라구요 ㅠ 임플란트 상담후에 진행하기로 결정했는데 꼼꼼하게 설명해주시는 모습에 믿음이 가더라구요! 만족하며 다니고있어요 !,2026-03-31 11:48:15
천동치과,5,365성심플란트치과의원 대전,40,충치 생겨서 방문했는데 과잉진료없이 필요한 치료만 해주셨어요 겁쟁인데 신경써서 치료 해주시는게 느껴지더라구요 덕분에 안아프게 치료 잘 받고있어요! 다음 진료때 뵐께요!,2026-03-31 11:48:15
천동치과,5,365성심플란트치과의원 대전,41,"스커일링했는데 꼼꼼하게 잘 하시네요
아프지 않은건 기본이구요",2026-03-31 11:48:15
천동치과,5,365성심플란트치과의원 대전,42,"주말에도 이용되고 늦은시간까지도 되고
선생님 실력도 좋고 치위생사분들도 친절+ 꼼꼼해요
인포언니들 다들 이쁘고 친절합니다.",2026-03-31 11:48:15
천동치과,5,365성심플란트치과의원 대전,43,수면임플란트 받고 정말 신세계를 경험했어요!😲 자고 일어나니까 이미 끝나있어서 너무 신기했어요ㅋㅋ 걱정이 많으신 분들한테 꼭 추천드리고 싶어요,2026-03-31 11:48:15
천동치과,5,365성심플란트치과의원 대전,44,부모님 치과 진료 때문에 찾은 곳인데 결과가 좋아서 가족 모두 다니고 있습니다 정확한 진단과 꼼꼼한 시술 덕분에 믿고 가족 단골 치과로 완전히 자리 잡았습니다ㅎㅎ,2026-03-31 11:48:15
천동치과,5,365성심플란트치과의원 대전,45,"365성심플란트치과의원 대전
25.10.23.목
안녕하세요~~ smf****님!💖
저희 365성심플란트치과를 믿고 찾아주셔서 감사합니다~ 언제나 쾌적한 환경에서 안전한 진료를 받아보실 수 있도록 노력하고 있습니다^^
치료 이후에도 관리나 궁금한 점 생기시면 언제든지 편하게 연락 및 방문해주세요. 감사합니다! (ᐢ⑅•ᴗ•⑅ᐢ)💖💖💖",2026-03-31 11:48:15
천동치과,5,365성심플란트치과의원 대전,46,보철치료 왔는데 꼼꼼하게 잘 해주십니다.,2026-03-31 11:48:15
천동치과,5,365성심플란트치과의원 대전,47,대전 동구에도 이렇게 큰 규모의 치과가 있을 줄 몰랐어요! 시설이 정말 깔끔하고 장비가 첨단이라 놀랐습니다! 이렇게 잘 갖춰진 곳이 있다니 든든하네요,2026-03-31 11:48:15
천동치과,5,365성심플란트치과의원 대전,48,"정말 매일 진료해서 너무 편해요! 평일 주말 상관없이 언제든 갈 수 있으니 시간 맞추기 부담 없어요
직원분들도 늘 밝게 인사해주시고 친절하게 안내해주셔서 기분 좋게 다녀요",2026-03-31 11:48:15
천동치과,5,365성심플란트치과의원 대전,49,처음부터 끝까지 배려해주시는 느낌 받아서 좋았어요 설명도 친절하게 정말 자세하게 말해주시고 다른 치과랑 비교해도 정말 꼼꼼한 곳이네요,2026-03-31 11:48:15
천동치과,5,365성심플란트치과의원 대전,50,"사랑니를 1년넘게 방치하다가 너무아파서 뽑을려고 예약했습니다 너무무섭고 울고싶었어요,,,

가자마자 가글마취와 바르는 마취 무통주사까지 맞았어요 하나도 안아프게 주사도 놔주십니다 사랑니 뽑는데 1분도 안걸린거같아요 힘을 뽝 주시더니 ??! 뽑았데요 벌써

치과에 대한 공포가 반이상 사라졌어요,,, 최고💛",2026-03-31 11:48:15
천동치과,5,365성심플란트치과의원 대전,51,바쁜 일정 때문에 평일엔 시간 내기 어려웠는데 이제 걱정 없어요 주말이나 공휴일에도 문 열어 있어서 너무 편해요!,2026-03-31 11:48:15
천동치과,5,365성심플란트치과의원 대전,52,임플란트는 비싸서 망설였는데 막상 상담 받아보니 생각보다 합리적이더라구요 365성심플란트치과 추천드립니다 👍,2026-03-31 11:48:15
천동치과,5,365성심플란트치과의원 대전,53,금요일 퇴근 후에 진료받을 수 있어서 너무 편했어요! 다른 병원은 문 닫을 시간인데 늦은 시간까지 진료해주셔서 감사했어요,2026-03-31 11:48:15
천동치과,5,365성심플란트치과의원 대전,54,오랜만에 치과 갔는데 충치가 있어서 바로 치료 받았어요 장비도 최신이고 위생도 철저하네요,2026-03-31 11:48:15
천동치과,5,365성심플란트치과의원 대전,55,"솔직히 치과가 너무 무서워서 한참을 미루다 결국 수면임플란트 받았어요ㅠ
막상 받고 나니 생각보다 훨씬 편하고 통증도 거의 없더라구요!",2026-03-31 11:48:15
천동치과,5,365성심플란트치과의원 대전,56,친절해요. 깔끔하고요,2026-03-31 11:48:15
천동치과,5,365성심플란트치과의원 대전,57,"스케일링 하러 방문했습니다.
주말에 진료보는곳 찾아온건데 다들 친절하시고 스케일링도 안아프고 좋았어요!",2026-03-31 11:48:15
천동치과,5,365성심플란트치과의원 대전,58,치아미백 진행했는데 꼼꼼히 잘 진행해주셨습니다 ㅎㅎㅎ 한번했는데도 치아가 밝아진게 보여요 ㅎㅎ 총 2회 진행하는데 담번에도 잘부탁드립니다,2026-03-31 11:48:15
천동치과,5,365성심플란트치과의원 대전,59,친절하고 깨끗해요. 휴일에 진료 빋고 너무 좋아요. 편안하게 치과치료 받을 수 있을 갓같아요,2026-03-31 11:48:15
천동치과,5,365성심플란트치과의원 대전,60,"365성심플란트치과의원 대전
25.10.10.금
안녕하세요~~bora49님💖
저희 365성심플란트치과를 믿고 찾아주셔서 감사합니다~ 언제나 쾌적한 환경에서 안전한 진료를 받아보실 수 있도록 노력하고 있습니다^^
치료 이후에도 관리나 궁금한 점 생기시면 언제든지 편하게 연락 및 방문해주세요. 감사합니다! (ᐢ⑅•ᴗ•⑅ᐢ)💖💖💖",2026-03-31 11:48:15
천동치과,5,365성심플란트치과의원 대전,61,깨끗하고 안시리게 스케일링 잘받았어요^^,2026-03-31 11:48:15
천동치과,5,365성심플란트치과의원 대전,62,"치과가 깔끔하고 커서 대기도 없고 좋아요
선생님들도 친절해요 ㅎㅎ",2026-03-31 11:48:15
천동치과,5,365성심플란트치과의원 대전,63,레진으로 방문했어요 과잉진료없이 꼭 필요한부분만 치료할수 있도록 안내해주세요~ 시설도 너무 깨끗하고 모두 친절하셔서 기분이 좋았어요~ 무엇보다 꼼꼼하게 치료해주셔서 아프지않게 치료받으니 치과에 대한 두려움이 없어졌네요~치과치료에 대한 안좋았던기억때문에 몇년을 미뤘는데 성심플란트치과로 인해 타파했어요~!!치료받아 속이 후련합니다 이번 진료로 치과에 대한 트라우마가 벗어나는거 같아요~ 신뢰가 쌓이는 치과에요😊강추!!,2026-03-31 11:48:15
천동치과,5,365성심플란트치과의원 대전,64,"예약후 바로 와서 진행했는데
바로바로 해서 너무 좋았습니다",2026-03-31 11:48:15
천동치과,5,365성심플란트치과의원 대전,65,"시설도 깨끗하고 간호사분들과 원장선생님도 너무 친절해서 자세하게 설명해 주시고 만족스럽게 검진 받고 왔습니다 👍
집에서도 가깝고 앞으로는 여기만 다닐거 같아요!",2026-03-31 11:48:15
천동치과,5,365성심플란트치과의원 대전,66,"친절한 의료진과 신식 장비가 있어
좋은 치료하였습니다.",2026-03-31 11:48:15
천동치과,5,365성심플란트치과의원 대전,67,"기본 검진도 꼼꼼하고 친절하게 봐주시고, 살짝 깨진 부분도 레진 치료와 스켈링도 잘 했습니다~ 환승역 주차장도 편리하고, 병원이 넓어서 쾌적했어요.",2026-03-31 11:48:15
천동치과,5,365성심플란트치과의원 대전,68,생긴지 얼마 안 된 곳이라 그런가 쾌적하고 개별 진료실 있어서 편안하게 치료 받고 왔어요~ 임플란트 실도 따로 있고 임플란트도 잘 회복중인 거보니 실력도 좋으신 것 같아요~,2026-03-31 11:48:15
천동치과,5,365성심플란트치과의원 대전,69,바로 옆에 주차장도 널널하고 대로변에 있어서 접근성 좋고 과잉진료 없는 것 같아서 계속 오게 됩니다ㅎㅎ,2026-03-31 11:48:15
천동치과,5,365성심플란트치과의원 대전,70,다른 곳보다 설명을 더 깔끔하게 잘해주셔서 만족스워요 왜 치료 받아야 하는지 이해도 잘가고 신경치료 2개 예약하고 갑니다!,2026-03-31 11:48:15
천동치과,5,365성심플란트치과의원 대전,71,진료도 빠르고 의료진들도 친절해서 아이가 편안하게 진료받을수 있었어요,2026-03-31 11:48:15
천동치과,5,365성심플란트치과의원 대전,72,원장님 좋고! 직원도 친절하네요! 만족만족,2026-03-31 11:48:15
천동치과,5,365성심플란트치과의원 대전,73,충치 때문에 치과 가야했는데 시간이 없어서 미루다 일요일에 여는 곳 있어서 와봤습니다! 시설 깔끔하고 대기 없이 바로 받았어요!!ㅎ,2026-03-31 11:48:15
천동치과,5,365성심플란트치과의원 대전,74,집 주변에 토요일 아침일찍부터 진료 받는 곳 있으니 좋네요,2026-03-31 11:48:15
천동치과,5,365성심플란트치과의원 대전,75,아플까봐 계속 무서워하고 있는데 직원들도 그렇고 원장님도 그렇고 친절하게 설명해 주시고 대해주셔서 긴장도 풀리고 기분 좋게 치료받고 왔습니다!,2026-03-31 11:48:15
천동치과,5,365성심플란트치과의원 대전,76,주기적으로 스케일링 받고 있는데! 아프지 않게 잘해주세요! 감사합니다!,2026-03-31 11:48:15
천동치과,5,365성심플란트치과의원 대전,77,아이 충치 떼우고 왔어요~ 시설 깔끔하고 대기 시간 거의 없이 받아볼 수 있어서 좋네요!!,2026-03-31 11:48:15
천동치과,5,365성심플란트치과의원 대전,78,"애들은 맨날 치과 검진 받고 했는데 정작 제가 무서워서 피하다 임플란트 받고 왔습니다 수면으로 받으면 진작에 갔어도 됐을 걸,, 이제야 왔네요.. 치료 잘 해주셔서 잘 회복하고 있습니다~",2026-03-31 11:48:15
천동치과,5,365성심플란트치과의원 대전,79,집근처여서 처음 예약하고 방문했는데 친절하고 설명도 잘해주셔서 만족합니다^^,2026-03-31 11:48:15
천동치과,5,365성심플란트치과의원 대전,80,친절하시고 설명도 잘해주셔서 잘치료했네요 감사합니다,2026-03-31 11:48:15
천동치과,5,365성심플란트치과의원 대전,81,대전으로 이사와서 처음 간 치과 ! 떼운것이 떨어져서 급히 검색하고 갔는데 병원이 깨끗하고 데스크 간호사선생님들도 너무 친절하십니다 😊 여행용 칫솔치약키트도 받고 대기하는동안 커피도 내릴수있네요 영유아구강검진도 해준다니 다음에 아이들도 데리고 가야겠어요,2026-03-31 11:48:15
천동치과,5,365성심플란트치과의원 대전,82,"처음왔는데 과잉도 없고,
의사,간호사분들 너무 친절합니다!!!",2026-03-31 11:48:15
천동치과,5,365성심플란트치과의원 대전,83,잘해 주셨어요,2026-03-31 11:48:15
천동치과,5,365성심플란트치과의원 대전,84,처음 갔는데 설명도 친절하시고 좋아요 앞으로 매년 스케일링 받으러 다닐것 같네요,2026-03-31 11:48:15
천동치과,5,365성심플란트치과의원 대전,85,"친절해요, 깔끔해요, 또 올게요~",2026-03-31 11:48:15
천동치과,5,365성심플란트치과의원 대전,86,"365성심플란트치과의원 대전
25.9.5.금
안녕하세요~~ 행자맘7님!💖
저희 365성심플란트치과를 믿고 찾아주셔서 감사합니다~ 언제나 쾌적한 환경에서 안전한 진료를 받아보실 수 있도록 노력하고 있습니다^^
치료 이후에도 관리나 궁금한 점 생기시면 언제든지 편하게 연락 및 방문해주세요. 감사합니다! (ᐢ⑅•ᴗ•⑅ᐢ)💖💖💖",2026-03-31 11:48:15
천동치과,5,365성심플란트치과의원 대전,87,동네에 일요일에도 하는 치과가 있어서 진짜 좋네요~,2026-03-31 11:48:15
천동치과,5,365성심플란트치과의원 대전,88,"치과공포증이 너무 심해서 스켈링도 못받고 살았는데요..
용기내서 처음 방문했는데..
친절하신 간호사선생님께서 안아프게 너무 잘 해주셔서 대만족이었어요ㅜㅜ 마취가글도 해주셔서 하나하나 감동받고 치료받았습니다~
치료가 아직 남아서 또 방문해야되지만.. 친절하신 쌤분들 믿으니 맘편히 갈수 있을거같습니다~^^주변분들에게도 적극추천 하고 있네요~감사합니다~^^",2026-03-31 11:48:15
천동치과,5,365성심플란트치과의원 대전,89,깔끔하고 직원분들이 친절하십니다~,2026-03-31 11:48:15
천동치과,5,365성심플란트치과의원 대전,90,진료도 잘해주시고 친절하게 설명해주십니다,2026-03-31 11:48:15
천동치과,5,365성심플란트치과의원 대전,91,"365성심플란트치과의원 대전
25.8.29.금
안녕하세요~~ chl****님!💖
저희 365성심플란트치과를 믿고 찾아주셔서 감사합니다~ 언제나 쾌적한 환경에서 안전한 진료를 받아보실 수 있도록 노력하고 있습니다^^
치료 이후에도 관리나 궁금한 점 생기시면 언제든지 편하게 연락 및 방문해주세요. 감사합니다! (ᐢ⑅•ᴗ•⑅ᐢ)💖💖💖",2026-03-31 11:48:15
천동치과,5,365성심플란트치과의원 대전,92,임플란트 무서워서 계속 미루다 수면 임플란트 잘하는 곳 어디 없나 찾아보고 왔어요. 수면 내시경 해보신 분들은 아시겠지만 잠깐 눈 감고 일어났는데 임플란트 다 심겨 있고 순식간에 끝나서 만족도 최상입니다.ㅠㅠㅠ 마취 풀리면 아픈거 아닌가 걱정했는데 확실히 기술이 좋아지긴 했나봐요 ㅠㅠ 아니 원장님께서 실력이 좋으신 걸 수도 있을 것 같아요! 별로 아프지도 않고 아무튼 임플란트 무서워 하시는 분들 한 번 가보시면 좋을 것 같아요!,2026-03-31 11:48:15
천동치과,5,365성심플란트치과의원 대전,93,간호사 선생님들도 너무 친절하시고 원장님들도 유쾌하셔서 기분 좋게 치료 받고 왔습니다!,2026-03-31 11:48:15
천동치과,5,365성심플란트치과의원 대전,94,"처음 스케일링 받아서 상태가 말이 아니었는데 오랜 시간 꼼꼼하게 잘해주셔서 죄송하고 감사하네요..^^

집 가깝고 늦은 시간까지 진료해주셔서 좋았고
치아건강 신경써서 앞으로 자주 들리도록 할게요~",2026-03-31 11:48:15
천동치과,5,365성심플란트치과의원 대전,95,지하철 바로 앞이라 접근성도 좋고 늦게까지 해서 급하게 가기에 좋은 곳인 것 같아요~,2026-03-31 11:48:15
천동치과,5,365성심플란트치과의원 대전,96,밤 8시에 가도 진료 봐주는 곳! 굳굳!,2026-03-31 11:48:15
천동치과,5,365성심플란트치과의원 대전,97,멀리서 임플란트 잘한다는 이야기 듣고 왔는데 시설도 좋고 원장님도 설명을 잘해주셔서 만족스럽네요 시간 쓰면서 온 보람이 있습니다!,2026-03-31 11:48:15
천동치과,5,365성심플란트치과의원 대전,98,아이들 충치치료 받고 왔어요~ 너무 친절하시고 애들 겁먹을까봐 옆에서 계속 긴장 풀어주시고 재미있게 반응해주셔서 애들도 별로 겁먹지 않았네요.ㅎㅎ,2026-03-31 11:48:15
천동치과,5,365성심플란트치과의원 대전,99,친절하고 바로 이용 가능해서 너무 편리하고좋았어요,2026-03-31 11:48:15
천동치과,5,365성심플란트치과의원 대전,100,갑자기 치통 때문에 찾다가 공휴일에도 여는 곳이 있어서 운 좋게 와봤는데 너무 친절하시고 왜 아픈건지 자세하게 설명해 주셔서 너무 좋았어요! 설이랑 추석 빼고는 이제 갑자기 아파도 걱정 안해도 될 것 같아요!!,2026-03-31 11:48:15
